餐廳名稱,類型,地區或地址,推薦重點,推薦人,Threads留言URL,來源貼文URL,原留言摘錄,Google正式店名,標準分類,Google完整地址,地區,Google Maps URL,Google評分,Google評論數,價位,Google類別,查證狀態,查證日期
26am 餐酒館,義式／日式／餐酒館,台北市中山區市民大道三段159號,店家自薦,26a.mrestaurant,https://www.threads.com/@26a.mrestaurant/post/Da-0ouvE-f4,https://www.threads.com/@harriet0308/post/Da-TmgNkXOM,26a.mrestaurant 1天 您好，我們是 26am。 把義式跟日式料理放在同一張桌上， 不用多想，也能找到想吃的。 空間留一點距離， 節奏慢一點， 讓來到這裡的時間， 剛剛好可以放鬆。 即使只是一個人剛好想找個地方坐一下，我們也會在。 期待與您見面！ 地址是：台北市中山區市民大道三段159號 Google收尋：26am餐酒館,26am 凌晨兩點 餐酒館-中山首選餐酒館|人氣餐酒館|必吃餐酒館|必吃義大利麵|人氣壽司|握壽司推薦,日式料理,10491臺北市中山區埤頭里市民大道三段159號,中山,https://www.google.com/maps/search/?api=1&query=26am%20%E9%A4%90%E9%85%92%E9%A4%A8%20%E5%8F%B0%E5%8C%97%E5%B8%82%E4%B8%AD%E5%B1%B1%E5%8D%80%E5%B8%82%E6%B0%91%E5%A4%A7%E9%81%93%E4%B8%89%E6%AE%B5159%E8%99%9F,5,,$400-600,小餐館,已查證,2026-07-21
7-ELEVEN i珍食,超商即食,,適合一個人吃，CP值高,10_10roy3345678,https://www.threads.com/@10_10roy3345678/post/Da-uhGyGm19,https://www.threads.com/@harriet0308/post/Da-TmgNkXOM,10_10roy3345678 1天 7-11的i 珍食，適合一個人吃，CP值超高,,其他餐飲,,未標示地區,https://www.google.com/maps/search/?api=1&query=7-ELEVEN%20i%E7%8F%8D%E9%A3%9F,,,,,待確認,2026-07-21
一品蔬菜羊肉爐,羊肉爐,,最近愛上,hnywg,https://www.threads.com/@hnywg/post/DbBDF-_k_ib,https://www.threads.com/@harriet0308/post/Da-TmgNkXOM,hnywg 18小時 從小吃到大的：台北市圍爐酸菜白肉火鍋、夫妻肺片麻辣鍋、橋頭麻辣鍋、七輪燒肉 最近愛上的一品蔬菜羊肉爐、麻皇麻辣火鍋、AJIMI、鰭狄日式阪前、萬豪欣葉鍾菜（比一般欣葉好吃） 南港中信享鮮餐廳的海鮮（肉類普遍不行）,一品蔬菜羊肉專賣店,火鍋/鍋物,106臺北市大安區華聲里延吉街131巷25號,大安,https://www.google.com/maps/search/?api=1&query=%E4%B8%80%E5%93%81%E8%94%AC%E8%8F%9C%E7%BE%8A%E8%82%89%E7%88%90%20%E5%8F%B0%E5%8C%97,4.3,,,火鍋餐廳,已查證,2026-07-21
七品河粉美食,越南料理,台北市中山區農安街251-1號,推薦乾拌米線、生牛肉河粉、五花控肉飯,13.yunnn,https://www.threads.com/@13.yunnn/post/DbAzI9uEUgC,https://www.threads.com/@harriet0308/post/Da-TmgNkXOM,13.yunnn 21小時 🍋‍🟩七品河粉美食 📍 104臺北市中山區行政里農安街251-1號 吃過：乾拌米線、生牛肉河粉、五花控肉飯 我已經吃了一個禮拜…. 店內居然有三台冷氣兩台電扇！ 而且抽風系統好像不錯，吃完都沒有餐廳味 座位偏少，這真是我這一年來吃過最舒適又好吃的越氏,七品河粉美食,泰越料理,104臺北市中山區行政里農安街251-1號,中山,https://www.google.com/maps/search/?api=1&query=%E4%B8%83%E5%93%81%E6%B2%B3%E7%B2%89%E7%BE%8E%E9%A3%9F%20%E5%8F%B0%E5%8C%97%E5%B8%82%E4%B8%AD%E5%B1%B1%E5%8D%80%E8%BE%B2%E5%AE%89%E8%A1%97251-1%E8%99%9F,4.3,,$1-200,越式河粉餐廳,已查證,2026-07-21
七輪燒肉,燒肉,台北市,從小吃到大,hnywg,https://www.threads.com/@hnywg/post/DbBDF-_k_ib,https://www.threads.com/@harriet0308/post/Da-TmgNkXOM,hnywg 18小時 從小吃到大的：台北市圍爐酸菜白肉火鍋、夫妻肺片麻辣鍋、橋頭麻辣鍋、七輪燒肉 最近愛上的一品蔬菜羊肉爐、麻皇麻辣火鍋、AJIMI、鰭狄日式阪前、萬豪欣葉鍾菜（比一般欣葉好吃） 南港中信享鮮餐廳的海鮮（肉類普遍不行）,七輪燒肉-台北店,燒烤/鐵板燒,10491臺北市中山區埤頭里八德路二段292號,中山,https://www.google.com/maps/search/?api=1&query=%E4%B8%83%E8%BC%AA%E7%87%92%E8%82%89%20%E5%8F%B0%E5%8C%97%E5%B8%82,4.6,,,日式燒肉餐廳,已查證,2026-07-21
人間半醒,江浙菜,,,y__o6o4,https://www.threads.com/@y__o6o4/post/DbCUTpgASeC,https://www.threads.com/@harriet0308/post/Da-TmgNkXOM,y__o6o4 6小時 川菜：老位川酒 江浙菜：人間半醒 湘菜：湘八老 上海菜：葉公館 火鍋：蔣老爹愛吃鍋 義大利麵：李氏、章邖 居酒屋：東京系列（東京煙火氣、東京酒食製作所…） 燒肉：阿叔燒肉 中菜：招治飯店 韓式：李上,人間半醒,港式/中式合菜,104臺北市中山區中吉里吉林路125號,中山,https://www.google.com/maps/search/?api=1&query=%E4%BA%BA%E9%96%93%E5%8D%8A%E9%86%92%20%E5%8F%B0%E5%8C%97,4.8,,$400-800,小餐館,已查證,2026-07-21
八方雲集,鍋貼／水餃,,,rpgtaiwan,https://www.threads.com/@rpgtaiwan/post/DbCWr6Ykrip,https://www.threads.com/@harriet0308/post/Da-TmgNkXOM,rpgtaiwan 6小時 八方雲集,,小吃/麵食,,未標示地區,https://www.google.com/maps/search/?api=1&query=%E5%85%AB%E6%96%B9%E9%9B%B2%E9%9B%86,,,,,待確認,2026-07-21
八和燒肉,燒肉,,,andychang604,https://www.threads.com/@andychang604/post/DbAqv6jidxM,https://www.threads.com/@harriet0308/post/Da-TmgNkXOM,andychang604 22小時 八和燒肉、橋頭火鍋,,燒烤/鐵板燒,,未標示地區,https://www.google.com/maps/search/?api=1&query=%E5%85%AB%E5%92%8C%E7%87%92%E8%82%89,,,,,待確認,2026-07-21
八條老宅麻辣鍋,麻辣鍋,台北市中山區林森北路133巷3號,老宅巷弄；麻辣湯頭、鴨血豆腐,selena210210,https://www.threads.com/@selena210210/post/Da_0MSoAZti,https://www.threads.com/@harriet0308/post/Da-TmgNkXOM,"selena210210 1天 maps.app.goo.gl/MmEt5… 隱身林森北路巷弄的八條老宅麻辣鍋🍲「麻、辣、鮮、香」道地的麻辣湯頭✨ 鴨血跟豆腐軟嫩入味😍 google.com 八條老宅麻辣鍋 · No. 3, Lane 133, Linsen N Rd, Zhengyi Village, Zhongshan District, Taipei City, Taiwan 104",八條老宅麻辣鍋,火鍋/鍋物,104臺北市中山區正義里林森北路133巷3號,中山,"https://www.google.com/maps/place/%E5%85%AB%E6%A2%9D%E8%80%81%E5%AE%85%E9%BA%BB%E8%BE%A3%E9%8D%8B/@25.051132,121.5254888,17z/data=!3m1!4b1!4m6!3m5!1s0x3442a96f567c4a51:0xa128956c4438540!8m2!3d25.051132!4d121.5254888!16s%2Fg%2F11bx0dnd0x?entry=ttu&g_ep=EgoyMDI2MDcxNS4wIKXMDSoASAFQAw%3D%3D",4.4,,,火鍋餐廳,已查證,2026-07-21
三味麵食,麵食,,推薦雙醬麵,atm_tseng,https://www.threads.com/@atm_tseng/post/DbARPAmFGvF,https://www.threads.com/@harriet0308/post/Da-TmgNkXOM,atm_tseng 1天 漢來湯包 FOCOSO（非常適合約會的義大利餐廳） 三味麵食（一定要吃雙醬麵） 心潮仙宮（外國朋友來都帶去吃） Wok by Obond (大中華料理Fine Dining),三味麵食,小吃/麵食,100臺北市中正區建國里桃源街14號,中正,https://www.google.com/maps/place/%E4%B8%89%E5%91%B3%E9%BA%B5%E9%A3%9F/data=!4m7!3m6!1s0x3442a919b6371d01:0x3148639427d9e464!8m2!3d25.0418122!4d121.5101859!16s%2Fg%2F11l793r1b8!19sChIJAR03thmpQjQRZOTZJ5RjSDE?authuser=0&hl=zh-TW&rclk=1,4.4,,$1-200,中菜館,已查證,2026-07-21
三和夜市新疆乾拌麵,新疆料理,三和夜市,推薦大盤雞麵,torrence_tien,https://www.threads.com/@torrence_tien/post/DbBl_rDkoGx,https://www.threads.com/@harriet0308/post/Da-TmgNkXOM,torrence_tien 13小時 1. 三重的台灣蕃薯（賣可頌）。不至於沒吃到會覺得此生枉然的程度，但是已經回訪N次，吃過很多口味，全部都好吃，價格還很實惠。 2. 板橋的小喬新疆羊肉串（大盤雞） 適合小鳥胃： 三和夜市的新疆乾拌麵（大盤雞麵） 中崙市場，索菲亞新疆美食的乾拌麵系列 3. 三和夜市文化北路的趙平米苔目，不是神級美味，但整體很不錯，目前同類的冰店找不到對手,,其他餐飲,,未標示地區,https://www.google.com/maps/search/?api=1&query=%E4%B8%89%E5%92%8C%E5%A4%9C%E5%B8%82%E6%96%B0%E7%96%86%E4%B9%BE%E6%8B%8C%E9%BA%B5%20%E4%B8%89%E5%92%8C%E5%A4%9C%E5%B8%82,,,,,待確認,2026-07-21
大稻埕米粉湯,米粉湯,大稻埕,推薦豬尾巴,beernbeer,https://www.threads.com/@beernbeer/post/DbAA7w2kQrA,https://www.threads.com/@harriet0308/post/Da-TmgNkXOM,beernbeer 1天 大稻埕米粉湯（要吃豬尾巴）,大稻埕米粉湯,小吃/麵食,103臺北市大同區建功里重慶北路一段26巷15號,大同,https://www.google.com/maps/search/?api=1&query=%E5%A4%A7%E7%A8%BB%E5%9F%95%E7%B1%B3%E7%B2%89%E6%B9%AF%20%E5%A4%A7%E7%A8%BB%E5%9F%95,4.2,,$1-200,台灣餐廳,已查證,2026-07-21
小小樹食,蔬食,台北,蔬食不油膩；各分店菜色略不同,xin_yu_930,https://www.threads.com/@xin_yu_930/post/DbA2y_4D1Fr,https://www.threads.com/@harriet0308/post/Da-TmgNkXOM,xin_yu_930 20小時 近期吃小小樹食覺得都蠻驚艷的，可以把蔬食做的不會油膩而且好吃 每間分店的菜色略微不同，可以都體驗看看,,素食,,台北,https://www.google.com/maps/search/?api=1&query=%E5%B0%8F%E5%B0%8F%E6%A8%B9%E9%A3%9F%20%E5%8F%B0%E5%8C%97,,,,,待確認,2026-07-21
小食光製冰所,冰品／甜點,新北投站附近,店家自薦,xiao_shi_guang2024,https://www.threads.com/@xiao_shi_guang2024/post/DbAAoW_FDAb,https://www.threads.com/@harriet0308/post/Da-TmgNkXOM,"xiao_shi_guang2024 1天 歡迎來北投，我是在新北投站附近的冰品甜點店-小食光製冰所😊 maps.app.goo.gl/95uYZ… google.com 小食光製冰所 · Zhongyong Village, Beitou District, Taipei City",小食光製冰所,甜點/飲料,112臺北市北投區中庸里永興路一段37號,北投,"https://www.google.com/maps/place/%E5%B0%8F%E9%A3%9F%E5%85%89%E8%A3%BD%E5%86%B0%E6%89%80/@25.1393655,121.5001826,17z/data=!3m1!4b1!4m6!3m5!1s0x3442af004a0ee005:0xaeb0d54eebe915f7!8m2!3d25.1393655!4d121.5001826!16s%2Fg%2F11wqdl1626?entry=ttu&g_ep=EgoyMDI2MDcxNS4wIKXMDSoASAFQAw%3D%3D",4.9,,$1-200,冰品飲料店,已查證,2026-07-21
小喬新疆羊肉串,新疆料理,板橋,推薦大盤雞,torrence_tien,https://www.threads.com/@torrence_tien/post/DbBl_rDkoGx,https://www.threads.com/@harriet0308/post/Da-TmgNkXOM,torrence_tien 13小時 1. 三重的台灣蕃薯（賣可頌）。不至於沒吃到會覺得此生枉然的程度，但是已經回訪N次，吃過很多口味，全部都好吃，價格還很實惠。 2. 板橋的小喬新疆羊肉串（大盤雞） 適合小鳥胃： 三和夜市的新疆乾拌麵（大盤雞麵） 中崙市場，索菲亞新疆美食的乾拌麵系列 3. 三和夜市文化北路的趙平米苔目，不是神級美味，但整體很不錯，目前同類的冰店找不到對手,小喬新疆羊肉串,其他餐飲,220新北市板橋區嵐翠里仁化街84號,板橋,https://www.google.com/maps/search/?api=1&query=%E5%B0%8F%E5%96%AC%E6%96%B0%E7%96%86%E7%BE%8A%E8%82%89%E4%B8%B2%20%E6%9D%BF%E6%A9%8B,4.3,,$400-600,維吾爾餐廳,已查證,2026-07-21
小器食堂 中山店,日式食堂,中山店,原留言限定中山店,fisher_1210,https://www.threads.com/@fisher_1210/post/DbBZxX9kslK,https://www.threads.com/@harriet0308/post/Da-TmgNkXOM,fisher_1210 15小時 小器食堂！（限中山店）,小器食堂中山店,日式料理,103臺北市大同區光能里赤峰街27號,大同,https://www.google.com/maps/search/?api=1&query=%E5%B0%8F%E5%99%A8%E9%A3%9F%E5%A0%82%20%E4%B8%AD%E5%B1%B1%E5%BA%97%20%E4%B8%AD%E5%B1%B1%E5%BA%97,3.8,,$200-400,食堂與定食餐廳,已查證,2026-07-21
山崎咖啡所,咖啡／司康／牛舌,捷運江子翠站,私藏好店,at1ff2ny_,https://www.threads.com/@at1ff2ny_/post/DbArF2uCQ2a,https://www.threads.com/@harriet0308/post/Da-TmgNkXOM,at1ff2ny_ 22小時 板南線捷運江子翠站 山崎咖啡所 @yamazaki.coffee 私藏好店！咖啡司康牛舌我超愛！,山崎の咖啡所,甜點/飲料,"No. 126號, No. 126長江路二段純翠里板橋區新北市220",新北,https://www.google.com/maps/search/?api=1&query=%E5%B1%B1%E5%B4%8E%E5%92%96%E5%95%A1%E6%89%80%20%E6%8D%B7%E9%81%8B%E6%B1%9F%E5%AD%90%E7%BF%A0%E7%AB%99,5,,$200-400,咖啡店,已查證,2026-07-21
川妹子,川菜,,價格實惠；推薦醋溜土豆絲,ab223_,https://www.threads.com/@ab223_/post/DbAtKU5GQJg,https://www.threads.com/@harriet0308/post/Da-TmgNkXOM,ab223_ 22小時 一吃再吃的川妹子非常讚！！！ threads.com/@ab22… ab223_ 川妹子 2024-12-4 川妹子 東西好吃價格佛心 三個人緊繃點四道菜就是極限了🤣 愛吃酸的人請把醋溜土豆絲放涼了再吃 會更酸更好吃！！！！！😍,川妹子,港式/中式合菜,106臺北市大安區正聲里光復南路240巷52號,大安,https://www.google.com/maps/search/?api=1&query=%E5%B7%9D%E5%A6%B9%E5%AD%90%20%E5%8F%B0%E5%8C%97,4.1,,$400-600,四川酒家,已查證,2026-07-21
不二家拉麵居酒屋,拉麵／居酒屋,台北市中山區,吃了20年,taiwanduncan,https://www.threads.com/@taiwanduncan/post/DbA_tw3kyN8,https://www.threads.com/@harriet0308/post/Da-TmgNkXOM,taiwanduncan 19小時 台北市中山區的不二家拉麵居酒屋，吃了20年，還是好喜歡,"不二家拉麵(周二公休,無訂位)",日式料理,10491臺北市中山區中山里中山北路二段59巷10號,中山,https://www.google.com/maps/search/?api=1&query=%E4%B8%8D%E4%BA%8C%E5%AE%B6%E6%8B%89%E9%BA%B5%E5%B1%85%E9%85%92%E5%B1%8B%20%E5%8F%B0%E5%8C%97%E5%B8%82%E4%B8%AD%E5%B1%B1%E5%8D%80,4.1,,$200-400,拉麵店,已查證,2026-07-21
中和中正路汕頭麵,汕頭麵,中和中正路,自製麵體；原留言未提供正式店名,mo_er0729,https://www.threads.com/@mo_er0729/post/Da_uG29jyHx,https://www.threads.com/@harriet0308/post/Da-TmgNkXOM,mo_er0729 1天 中和中正路裡面的汕頭麵便宜好吃 牆上的畫是老闆女兒親手畫的 超厲害👍 麵體自製的口感跟外面不一樣 乾麵👍,汕頭麵,小吃/麵食,235新北市中和區信和里新生街220巷5號,中和,https://www.google.com/maps/search/?api=1&query=%E4%B8%AD%E5%92%8C%E4%B8%AD%E6%AD%A3%E8%B7%AF%E6%B1%95%E9%A0%AD%E9%BA%B5%20%E4%B8%AD%E5%92%8C%E4%B8%AD%E6%AD%A3%E8%B7%AF,4.2,,$1-200,麵店,已查證,2026-07-21
中港蚵仔麵線,蚵仔麵線,新北,料多；稠度與酸度合宜,nana_0809449,https://www.threads.com/@nana_0809449/post/Da_1nVgmaYE,https://www.threads.com/@harriet0308/post/Da-TmgNkXOM,nana_0809449 1天 maps.app.goo.gl/b7MiG… 新北 麵線稠度剛好 酸度不用另外加醋 辣椒香不會辣喉嚨 羹底沒有很重的柴魚味 第一次吃料多到我以為老闆娘手滑沒想到之後每次都這麼多 這價位這味道頂級了 臭豆腐就有點一言難盡 google.com 中港蚵仔麵線 · 3.8★(1264) · Deli,中港蚵仔麵線,小吃/麵食,242新北市新莊區中泰里中港路343號,新莊,https://www.google.com/maps/search/?api=1&query=%E4%B8%AD%E6%B8%AF%E8%9A%B5%E4%BB%94%E9%BA%B5%E7%B7%9A%20%E6%96%B0%E5%8C%97,3.8,,$1-200,熟食店,已查證,2026-07-21
云滇,雲南料理,,推薦過橋米線、豌豆粉＋大薄片雙拼、破酥包,simpleminds1012,https://www.threads.com/@simpleminds1012/post/DbAtAaGHza4,https://www.threads.com/@harriet0308/post/Da-TmgNkXOM,simpleminds1012 22小時 云滇，推薦過橋米線、豌豆粉+大薄片雙拼、破酥包！,,其他餐飲,,未標示地區,https://www.google.com/maps/search/?api=1&query=%E4%BA%91%E6%BB%87,,,,,待確認,2026-07-21
內湖山東餃子館,餃子／小菜,港墘／內湖,小菜與醬料配料大方,olocorgy229,https://www.threads.com/@olocorgy229/post/DbBHUQSmRNB,https://www.threads.com/@harriet0308/post/Da-TmgNkXOM,"olocorgy229 18小時 港墘山東餃子館 小菜很爽 醬料配料給得很大方==👍🏼 附近的水煎包也讚 google.com 內湖山東餃子館 · Lishan Village, Neihu District, Taipei City",內湖山東餃子館,小吃/麵食,114臺北市內湖區麗山里內湖路一段411巷2號,內湖,https://www.google.com/maps/search/?api=1&query=%E5%85%A7%E6%B9%96%E5%B1%B1%E6%9D%B1%E9%A4%83%E5%AD%90%E9%A4%A8%20%E6%B8%AF%E5%A2%98%EF%BC%8F%E5%85%A7%E6%B9%96,4.1,,$1-200,餃子店,已查證,2026-07-21
六品小館,中菜,,,lai.lai.52,https://www.threads.com/@lai.lai.52/post/DbATwc5mjOZ,https://www.threads.com/@harriet0308/post/Da-TmgNkXOM,lai.lai.52 1天 六品小館,,港式/中式合菜,,未標示地區,https://www.google.com/maps/search/?api=1&query=%E5%85%AD%E5%93%81%E5%B0%8F%E9%A4%A8,,,,,待確認,2026-07-21
天香樓,杭州菜／中菜,,值得細細品味,yao890514,https://www.threads.com/@yao890514/post/DbBU8iKmVYm,https://www.threads.com/@harriet0308/post/Da-TmgNkXOM,yao890514 16小時 天香樓值得細細品味,天香樓,港式/中式合菜,10491臺北市中山區新福里民權東路二段41號B1,中山,https://www.google.com/maps/search/?api=1&query=%E5%A4%A9%E9%A6%99%E6%A8%93%20%E5%8F%B0%E5%8C%97,4.5,,,浙菜/浙江菜館,已查證,2026-07-21
天鍋宴,火鍋／海鮮,台北東區,海鮮選擇多，附甜品冰淇淋吃到飽,charlie__0801,https://www.threads.com/@charlie__0801/post/DbBVq5XCXC8,https://www.threads.com/@harriet0308/post/Da-TmgNkXOM,charlie__0801 16小時 喜歡吃海鮮的去吃天鍋宴（火鍋） 超多海鮮選擇+肉盤不到1000 還有甜品冰淇淋吃到飽！！,,火鍋/鍋物,,台北東,https://www.google.com/maps/search/?api=1&query=%E5%A4%A9%E9%8D%8B%E5%AE%B4%20%E5%8F%B0%E5%8C%97%E6%9D%B1%E5%8D%80,,,,,待確認,2026-07-21
夫妻肺片麻辣鍋,麻辣鍋,台北市,從小吃到大,hnywg,https://www.threads.com/@hnywg/post/DbBDF-_k_ib,https://www.threads.com/@harriet0308/post/Da-TmgNkXOM,hnywg 18小時 從小吃到大的：台北市圍爐酸菜白肉火鍋、夫妻肺片麻辣鍋、橋頭麻辣鍋、七輪燒肉 最近愛上的一品蔬菜羊肉爐、麻皇麻辣火鍋、AJIMI、鰭狄日式阪前、萬豪欣葉鍾菜（比一般欣葉好吃） 南港中信享鮮餐廳的海鮮（肉類普遍不行）,夫妻肺片麻辣火鍋,火鍋/鍋物,10491臺北市中山區朱崙里長安東路二段168號,中山,https://www.google.com/maps/search/?api=1&query=%E5%A4%AB%E5%A6%BB%E8%82%BA%E7%89%87%E9%BA%BB%E8%BE%A3%E9%8D%8B%20%E5%8F%B0%E5%8C%97%E5%B8%82,4.1,,,火鍋餐廳,已查證,2026-07-21
心潮仙宮,中菜,,適合帶外國朋友,atm_tseng,https://www.threads.com/@atm_tseng/post/DbARPAmFGvF,https://www.threads.com/@harriet0308/post/Da-TmgNkXOM,atm_tseng 1天 漢來湯包 FOCOSO（非常適合約會的義大利餐廳） 三味麵食（一定要吃雙醬麵） 心潮仙宮（外國朋友來都帶去吃） Wok by Obond (大中華料理Fine Dining),心潮仙宮,港式/中式合菜,110臺北市信義區西村里松智路17號4樓,信義,https://www.google.com/maps/search/?api=1&query=%E5%BF%83%E6%BD%AE%E4%BB%99%E5%AE%AE%20%E5%8F%B0%E5%8C%97,4.4,,,餐廳,已查證,2026-07-21
日海,,,,jimmyending,https://www.threads.com/@jimmyending/post/Da-vrgBD6a9,https://www.threads.com/@harriet0308/post/Da-TmgNkXOM,jimmyending 1天 日海,日海海鮮店,海鮮,106臺北市大安區群賢里復興南路二段151巷6號,大安,https://www.google.com/maps/search/?api=1&query=%E6%97%A5%E6%B5%B7%20%E5%8F%B0%E5%8C%97,4.1,,$400-800,海鮮餐廳,已查證,2026-07-21
仙客來熱炒,熱炒,陽明大學附近,,amy_chang_1202,https://www.threads.com/@amy_chang_1202/post/Da_NDTbEqmB,https://www.threads.com/@harriet0308/post/Da-TmgNkXOM,amy_chang_1202 1天 陽明大學附近的仙客來熱炒～😋,仙客來海鮮庭園餐廳,港式/中式合菜,112臺北市北投區永明里東華街二段114號,北投,https://www.google.com/maps/place/%E4%BB%99%E5%AE%A2%E4%BE%86%E6%B5%B7%E9%AE%AE%E5%BA%AD%E5%9C%92%E9%A4%90%E5%BB%B3/data=!4m7!3m6!1s0x3442aef4bd6d3355:0xe6d187be9bd0645!8m2!3d25.1187792!4d121.5129538!16s%2Fg%2F1vvyvscj!19sChIJVTNtvfSuQjQRRQa96XsYbQ4?authuser=0&hl=zh-TW&rclk=1,4,,$400-600,海鮮餐廳,已查證,2026-07-21
兄弟飯店 2F 推車飲茶,港式飲茶,兄弟飯店2樓,,bibbeloque,https://www.threads.com/@bibbeloque/post/DbAoxifEYht,https://www.threads.com/@harriet0308/post/Da-TmgNkXOM,bibbeloque 22小時 兄弟飯店2f推車飲茶,梅花廳 - 兄弟大飯店,港式/中式合菜,105臺北市松山區中正里南京東路三段255號2-3樓,松山,https://www.google.com/maps/search/?api=1&query=%E5%85%84%E5%BC%9F%E5%A4%A7%E9%A3%AF%E5%BA%97%202%E6%A8%93%20%E6%8E%A8%E8%BB%8A%E9%A3%B2%E8%8C%B6%20%E6%A2%85%E8%8A%B1%E5%BB%B3,4.1,,$400-800,粵菜館,已查證,2026-07-21
北村豆腐鍋,韓式豆腐鍋,,平價愛店,uniaviona,https://www.threads.com/@uniaviona/post/DbAZwVwidBg,https://www.threads.com/@harriet0308/post/Da-TmgNkXOM,uniaviona 1天 我最愛評價的北村豆腐鍋 客多美日式咖啡廳 你知道我為什麼不齒下說嗎 因為我想留存這篇,,韓式料理,,未標示地區,https://www.google.com/maps/search/?api=1&query=%E5%8C%97%E6%9D%91%E8%B1%86%E8%85%90%E9%8D%8B,,,,,待確認,2026-07-21
北港龍門生炒鴨肉羹,鴨肉羹,三重,,sunnytsengsunny,https://www.threads.com/@sunnytsengsunny/post/DbBi-z1GPez,https://www.threads.com/@harriet0308/post/Da-TmgNkXOM,sunnytsengsunny 14小時 三重北港龍門生炒鴨肉羹,北港江記龍門生炒鴨肉焿,小吃/麵食,241新北市三重區龍門里龍門路134號,三重,https://www.google.com/maps/search/?api=1&query=%E5%8C%97%E6%B8%AF%E9%BE%8D%E9%96%80%E7%94%9F%E7%82%92%E9%B4%A8%E8%82%89%E7%BE%B9%20%E4%B8%89%E9%87%8D,4.3,,$1-200,熟食店,已查證,2026-07-21
半畝園,大滷麵／麵食,,回訪近5年,lawyermom1984,https://www.threads.com/@lawyermom1984/post/DbBcvVUk0Eb,https://www.threads.com/@harriet0308/post/Da-TmgNkXOM,lawyermom1984 15小時 半畝園大滷麵。 小孩在附近上帶狀課，已經吃了快5年，為母我幾乎每次下課都去吃，吃到小孩生氣😆,北平半畝園,小吃/麵食,106臺北市大安區仁慈里東豐街33號,大安,https://www.google.com/maps/search/?api=1&query=%E5%8D%8A%E7%95%9D%E5%9C%92%20%E5%8F%B0%E5%8C%97,4,,$200-400,中式麵食店,已查證,2026-07-21
台灣蕃薯,可頌,三重,多種口味、價格實惠,torrence_tien,https://www.threads.com/@torrence_tien/post/DbBl_rDkoGx,https://www.threads.com/@harriet0308/post/Da-TmgNkXOM,torrence_tien 13小時 1. 三重的台灣蕃薯（賣可頌）。不至於沒吃到會覺得此生枉然的程度，但是已經回訪N次，吃過很多口味，全部都好吃，價格還很實惠。 2. 板橋的小喬新疆羊肉串（大盤雞） 適合小鳥胃： 三和夜市的新疆乾拌麵（大盤雞麵） 中崙市場，索菲亞新疆美食的乾拌麵系列 3. 三和夜市文化北路的趙平米苔目，不是神級美味，但整體很不錯，目前同類的冰店找不到對手,台灣蕃薯,甜點/飲料,241新北市三重區三安里三和路三段6號,三重,https://www.google.com/maps/search/?api=1&query=%E5%8F%B0%E7%81%A3%E8%95%83%E8%96%AF%20%E4%B8%89%E9%87%8D,4.3,,$1-200,餅店,已查證,2026-07-21
永春市場雞翅（店名未明）,雞翅／小吃,永春市場,原留言未提供正式店名,7orange__,https://www.threads.com/@7orange__/post/DbBvHJzk8Py,https://www.threads.com/@harriet0308/post/Da-TmgNkXOM,7orange__ 12小時 永春市場的雞翅,,鹹酥雞/炸物,,未標示地區,https://www.google.com/maps/search/?api=1&query=%E6%B0%B8%E6%98%A5%E5%B8%82%E5%A0%B4%E9%9B%9E%E7%BF%85%EF%BC%88%E5%BA%97%E5%90%8D%E6%9C%AA%E6%98%8E%EF%BC%89%20%E6%B0%B8%E6%98%A5%E5%B8%82%E5%A0%B4,,,,,待確認,2026-07-21
石二鍋 後山埤店,火鍋,後山埤,味道與品控穩定,momo880603,https://www.threads.com/@momo880603/post/DbAbhWBAcba,https://www.threads.com/@harriet0308/post/Da-TmgNkXOM,momo880603 1天 應該能算好吃的吃過很多... 認真講是後山埤石二鍋 一模一樣的味道其實對餐廳來說不簡單 旭集吃過大概十次 可是其實就連一樣的甜點都會有不一樣的味道 這家石二鍋看著一般但這個品控很可以 就連蠻喜歡也是吃過n次的游壽司 可能都點炙燒，味道就會有些許差異,石二鍋 台北捷運後山埤店,火鍋/鍋物,110臺北市信義區永春里忠孝東路五段789號,信義,https://www.google.com/maps/search/?api=1&query=%E7%9F%B3%E4%BA%8C%E9%8D%8B%20%E5%BE%8C%E5%B1%B1%E5%9F%A4%E5%BA%97%20%E5%BE%8C%E5%B1%B1%E5%9F%A4,4.1,,$200-400,火鍋餐廳,已查證,2026-07-21
石撈麻辣火鍋,麻辣火鍋,台北市中山區,,bluebless0913,https://www.threads.com/@bluebless0913/post/DbAWpFnGp9w,https://www.threads.com/@harriet0308/post/Da-TmgNkXOM,bluebless0913 1天 中山區 石撈麻辣火鍋,石‧撈麻辣鴛鴦鍋,火鍋/鍋物,104臺北市中山區朱園里松江路95-1號3樓,中山,https://www.google.com/maps/search/?api=1&query=%E7%9F%B3%E6%92%88%E9%BA%BB%E8%BE%A3%E7%81%AB%E9%8D%8B%20%E5%8F%B0%E5%8C%97%E5%B8%82%E4%B8%AD%E5%B1%B1%E5%8D%80,4.6,,,餐廳,已查證,2026-07-21
合家北安素食點心坊,素食點心,大直北安路,,pcwinpei,https://www.threads.com/@pcwinpei/post/DbAl981kzaM,https://www.threads.com/@harriet0308/post/Da-TmgNkXOM,pcwinpei 23小時 推！ 合家北安素食點心坊 📍大直北安路上,合家北安素食點心坊,素食,104臺北市中山區大直里北安路575-1號,中山,https://www.google.com/maps/search/?api=1&query=%E5%90%88%E5%AE%B6%E5%8C%97%E5%AE%89%E7%B4%A0%E9%A3%9F%E9%BB%9E%E5%BF%83%E5%9D%8A%20%E5%A4%A7%E7%9B%B4%E5%8C%97%E5%AE%89%E8%B7%AF,4.4,,$1-200,素食餐廳,已查證,2026-07-21
吉富,生魚片丼飯,台北六張犁,推薦焦糖鮭魚、小吉丼；回訪20次以上,lilyliketoeat,https://www.threads.com/@lilyliketoeat/post/DbBMiyTE3V1,https://www.threads.com/@harriet0308/post/Da-TmgNkXOM,lilyliketoeat 17小時 生魚片我心中NO.1(應該有吃超過20次以上） threads.com/@lily… lilyliketoeat 生魚片 2025-11-23 台北我最喜ㄉ生魚片丼飯！ 每次必點焦糖鮭魚、小吉丼 很厚很鮮甜 （干貝是加點 ） 📍吉富 （在台北六張犁）,吉富海鮮丼專門店,日式料理,110臺北市信義區黎順里崇德街28號,信義,https://www.google.com/maps/place/%E5%90%89%E5%AF%8C%E6%B5%B7%E9%AE%AE%E4%B8%BC%E5%B0%88%E9%96%80%E5%BA%97/data=!4m7!3m6!1s0x3442aba67a5e1e19:0xef5299d19b149f6d!8m2!3d25.0242522!4d121.5536577!16s%2Fg%2F11yd81p31j!19sChIJGR5eeqarQjQRbZ8Um9GZUu8?authuser=0&hl=zh-TW&rclk=1,4.9,,$200-400,海鮮丼餐廳,已查證,2026-07-21
如嬌花膠雞,花膠雞,,,walo.wu,https://www.threads.com/@walo.wu/post/DbAlkttiZ4k,https://www.threads.com/@harriet0308/post/Da-TmgNkXOM,walo.wu 23小時 發肉燒肉 如嬌花膠雞,,火鍋/鍋物,,未標示地區,https://www.google.com/maps/search/?api=1&query=%E5%A6%82%E5%AC%8C%E8%8A%B1%E8%86%A0%E9%9B%9E,,,,,待確認,2026-07-21
弎弎川酒,川菜／川酒,,推薦者吃過4次,umbrella__lin,https://www.threads.com/@umbrella__lin/post/DbBtupHEkUu,https://www.threads.com/@harriet0308/post/Da-TmgNkXOM,umbrella__lin 12小時 弎弎川酒 吃了4次 朋友被我燒到也自己帶朋友去吃了好幾次😂,弎弎川酒 · Sansan Bistro-大安餐酒館｜川菜,港式/中式合菜,106臺北市大安區虎嘯里敦化南路二段170號,大安,https://www.google.com/maps/search/?api=1&query=%E5%BC%8E%E5%BC%8E%E5%B7%9D%E9%85%92%20%E5%8F%B0%E5%8C%97,4.8,,,小餐館,已查證,2026-07-21
旭集,自助餐,,回訪約10次,momo880603,https://www.threads.com/@momo880603/post/DbAbhWBAcba,https://www.threads.com/@harriet0308/post/Da-TmgNkXOM,momo880603 1天 應該能算好吃的吃過很多... 認真講是後山埤石二鍋 一模一樣的味道其實對餐廳來說不簡單 旭集吃過大概十次 可是其實就連一樣的甜點都會有不一樣的味道 這家石二鍋看著一般但這個品控很可以 就連蠻喜歡也是吃過n次的游壽司 可能都點炙燒，味道就會有些許差異,,吃到飽/自助餐,,未標示地區,https://www.google.com/maps/search/?api=1&query=%E6%97%AD%E9%9B%86,,,,,待確認,2026-07-21
羊成小館,粵菜,華山文創對面,推薦芋泥鴨、京都排骨、椒鹽劍蝦；價格合理,wang_yuanx2,https://www.threads.com/@wang_yuanx2/post/Da-eHL0D5Kk,https://www.threads.com/@harriet0308/post/Da-TmgNkXOM,wang_yuanx2 1天 羊成小館，老牌粵菜館，芋泥鴨，京都排骨，椒鹽劍蝦...價錢合理味道好，位置在華山文創對面,羊成小館,港式/中式合菜,100臺北市中正區幸福里忠孝東路二段80號,中正,https://www.google.com/maps/search/?api=1&query=%E7%BE%8A%E6%88%90%E5%B0%8F%E9%A4%A8%20%E8%8F%AF%E5%B1%B1%E6%96%87%E5%89%B5%E5%B0%8D%E9%9D%A2,4,,,中菜館,已查證,2026-07-21
老四川,麻辣鍋,台北,吃了10年,catrinaiana,https://www.threads.com/@catrinaiana/post/DbBg6lCE-1C,https://www.threads.com/@harriet0308/post/Da-TmgNkXOM,catrinaiana 14小時 麻辣鍋老四川一生推 已經吃十年了 從高雄吃到台北🙂‍↕️🙂‍↕️,,火鍋/鍋物,,台北,https://www.google.com/maps/search/?api=1&query=%E8%80%81%E5%9B%9B%E5%B7%9D%20%E5%8F%B0%E5%8C%97,,,,,待確認,2026-07-21
老位川酒,川菜,,,y__o6o4,https://www.threads.com/@y__o6o4/post/DbCUTpgASeC,https://www.threads.com/@harriet0308/post/Da-TmgNkXOM,y__o6o4 6小時 川菜：老位川酒 江浙菜：人間半醒 湘菜：湘八老 上海菜：葉公館 火鍋：蔣老爹愛吃鍋 義大利麵：李氏、章邖 居酒屋：東京系列（東京煙火氣、東京酒食製作所…） 燒肉：阿叔燒肉 中菜：招治飯店 韓式：李上,川酒.咖啡｜老位,港式/中式合菜,106臺北市大安區忠孝東路四段101巷29號1樓,大安,https://www.google.com/maps/search/?api=1&query=%E8%80%81%E4%BD%8D%E5%B7%9D%E9%85%92%20%E5%8F%B0%E5%8C%97,4.6,,,中菜館,已查證,2026-07-21
自自,甜點,台北,推薦者稱已回訪99次,taste_buds_pursue_allen,https://www.threads.com/@taste_buds_pursue_allen/post/Da-e3itk29m,https://www.threads.com/@harriet0308/post/Da-TmgNkXOM,臺北回訪最多的甜點店，目前已經99訪,自自（全預約制）,甜點/飲料,108臺北市萬華區福音里和平西路三段61號,萬華,https://www.google.com/maps/search/?api=1&query=%E8%87%AA%E8%87%AA%20%E5%8F%B0%E5%8C%97,4.8,,,雪糕店,已查證,2026-07-21
西門町韓式豆腐鍋（店名未明）,韓式豆腐鍋,西門站6號出口,原留言未提供正式店名,winnie091988,https://www.threads.com/@winnie091988/post/DbAiI2yk8at,https://www.threads.com/@harriet0308/post/Da-TmgNkXOM,winnie091988 23小時 西門町韓式豆腐鍋六號出口出來就到了,濟州豆腐鍋之家,韓式料理,108臺北市萬華區西門里漢中街109號之 1,萬華,https://www.google.com/maps/place/%E6%BF%9F%E5%B7%9E%E8%B1%86%E8%85%90%E9%8D%8B%E4%B9%8B%E5%AE%B6/data=!4m7!3m6!1s0x3442a9096e5d704f:0xb274c8f59f01bf7f!8m2!3d25.0432044!4d121.5074524!16s%2Fg%2F1vs5tdbz!19sChIJT3BdbgmpQjQRf78Bn_XIdLI?authuser=0&hl=zh-TW&rclk=1,2.3,,$200-400,韓國餐廳,已查證,2026-07-21
初涼冰室,雪花冰,通化夜市,每種雪花冰都好吃,bananacatlibra,https://www.threads.com/@bananacatlibra/post/Da_8OUJkxP4,https://www.threads.com/@harriet0308/post/Da-TmgNkXOM,bananacatlibra 1天 通化夜市的初涼冰室~每一種雪花冰都好好吃 （酒是自己帶的加進去啦！）,初涼冰室｜芒果鮮奶雪花冰、自製冰底,甜點/飲料,106臺北市大安區通安里通化街132號,大安,https://www.google.com/maps/search/?api=1&query=%E5%88%9D%E6%B6%BC%E5%86%B0%E5%AE%A4%20%E9%80%9A%E5%8C%96%E5%A4%9C%E5%B8%82,4.9,,$1-200,冰品飲料店,已查證,2026-07-21
巫雲,,,尤其推薦夏天去,kw_henry_feng,https://www.threads.com/@kw_henry_feng/post/DbBkmscgW4v,https://www.threads.com/@harriet0308/post/Da-TmgNkXOM,kw_henry_feng 13小時 巫雲一生推，尤其是夏天,巫雲,港式/中式合菜,100臺北市中正區羅斯福路三段244巷9弄7號,中正,https://www.google.com/maps/search/?api=1&query=%E5%B7%AB%E9%9B%B2%20%E5%8F%B0%E5%8C%97,4.3,,$200-400,中菜館,已查證,2026-07-21
李上,韓式,,,y__o6o4,https://www.threads.com/@y__o6o4/post/DbCUTpgASeC,https://www.threads.com/@harriet0308/post/Da-TmgNkXOM,y__o6o4 6小時 川菜：老位川酒 江浙菜：人間半醒 湘菜：湘八老 上海菜：葉公館 火鍋：蔣老爹愛吃鍋 義大利麵：李氏、章邖 居酒屋：東京系列（東京煙火氣、東京酒食製作所…） 燒肉：阿叔燒肉 中菜：招治飯店 韓式：李上,李上LeeSang,韓式料理,10454臺北市中山區正義里南京東路一段130之4號二樓,中山,https://www.google.com/maps/search/?api=1&query=%E6%9D%8E%E4%B8%8A%20%E5%8F%B0%E5%8C%97,4.5,,,韓國餐廳,已查證,2026-07-21
李氏,義大利麵,,,y__o6o4,https://www.threads.com/@y__o6o4/post/DbCUTpgASeC,https://www.threads.com/@harriet0308/post/Da-TmgNkXOM,y__o6o4 6小時 川菜：老位川酒 江浙菜：人間半醒 湘菜：湘八老 上海菜：葉公館 火鍋：蔣老爹愛吃鍋 義大利麵：李氏、章邖 居酒屋：東京系列（東京煙火氣、東京酒食製作所…） 燒肉：阿叔燒肉 中菜：招治飯店 韓式：李上,李氏咖啡,義式/西式,106臺北市大安區忠孝東路四段205巷29弄7號,大安,https://www.google.com/maps/search/?api=1&query=%E6%9D%8E%E6%B0%8F%20%E5%8F%B0%E5%8C%97,4.1,,$400-600,咖啡店,已查證,2026-07-21
李記溫州大餛飩,餛飩／小吃,新莊,30多年老店；大顆餛飩,dongandwilliam,https://www.threads.com/@dongandwilliam/post/DbAjn-LEzgl,https://www.threads.com/@harriet0308/post/Da-TmgNkXOM,dongandwilliam 23小時 / 從國小吃到出社會結婚還在吃 老闆都交棒給下一代，店面都擴大了還是會去吃 dongandwilliam.tw 新莊超過30多年老店，超大顆餛飩扎實肉餡，Dong的口袋名單-李記溫州大餛飩 @D&W黑白雙搭,李記溫州大餛飩,小吃/麵食,242新北市新莊區自強里自立街80號1樓,新莊,"https://www.google.com/maps/place/%E6%9D%8E%E8%A8%98%E6%BA%AB%E5%B7%9E%E5%A4%A7%E9%A4%9B%E9%A3%A9/@25.0452227,121.4544378,17z/data=!3m1!4b1!4m6!3m5!1s0x3442a87b0bdf0965:0x9beb6b70769d002a!8m2!3d25.0452227!4d121.4544378!16s%2Fg%2F11csqr06bp?entry=ttu&g_ep=EgoyMDI2MDcxNS4wIKXMDSoASAFQAw%3D%3D",4.2,,$1-200,餐廳,已查證,2026-07-21
李歡喜,雞湯火鍋,,清爽不油膩；火鍋料經過挑選,do.ob886,https://www.threads.com/@do.ob886/post/DbBoeAlkx2w,https://www.threads.com/@harriet0308/post/Da-TmgNkXOM,do.ob886 13小時 當然非李歡喜不可👍👍 清雞湯鍋底，雞味足，吃完仍覺一身清爽，不像其他火鍋一樣油膩。而且火鍋料我覺得特別挑過，比外面好吃非常多 @chickenpot.tw,李歡喜特色雞火鍋 HAPPY LEE CHICKEN HOTPOT 港式麻辣雞 無花果椰子雞 象拔蚌 寵物友善 活動包場,火鍋/鍋物,106臺北市大安區全安里和平東路三段119巷13號,大安,https://www.google.com/maps/search/?api=1&query=%E6%9D%8E%E6%AD%A1%E5%96%9C%20%E5%8F%B0%E5%8C%97,4.8,,,火鍋餐廳,已查證,2026-07-21
牡丹,,,,vance0624,https://www.threads.com/@vance0624/post/Da-VyfGkv7x,https://www.threads.com/@harriet0308/post/Da-TmgNkXOM,vance0624 1天 牡丹,牡丹．極上 天ぷら．本店,日式料理,106臺北市大安區德安里四維路52巷17號,大安,https://www.google.com/maps/search/?api=1&query=%E7%89%A1%E4%B8%B9%20%E5%8F%B0%E5%8C%97,4.6,,,天婦羅餐廳,已查證,2026-07-21
秀蘭小館,中菜,永康街,雞湯很棒,hnywg,https://www.threads.com/@hnywg/post/DbCjK0Bk_VK,https://www.threads.com/@harriet0308/post/Da-TmgNkXOM,hnywg 4小時 還有永康街的秀蘭小館，雞湯超棒,江浙 秀蘭小館,港式/中式合菜,106臺北市大安區福住里信義路二段198巷5-5號,大安,https://www.google.com/maps/place/%E6%B1%9F%E6%B5%99+%E7%A7%80%E8%98%AD%E5%B0%8F%E9%A4%A8/data=!4m7!3m6!1s0x3442a9823d50942b:0x436371fb922ad797!8m2!3d25.0329739!4d121.5305423!16s%2Fg%2F1tcw199r!19sChIJK5RQPYKpQjQRl9cqkvtxY0M?authuser=0&hl=zh-TW&rclk=1,4,,,餐廳,已查證,2026-07-21
私廚房,蔬食,天母,推薦優格時蔬拌麵,sherryplace,https://www.threads.com/@sherryplace/post/DbCgFilEnLU,https://www.threads.com/@harriet0308/post/Da-TmgNkXOM,sherryplace 5小時 天母蔬食餐廳「私廚房」 優格時蔬拌麵👍,私廚房 Snuggles Kitchen（蔬食）,素食,111臺北市士林區天福里天母東路8巷21-6號,士林,https://www.google.com/maps/search/?api=1&query=%E7%A7%81%E5%BB%9A%E6%88%BF%20%E5%A4%A9%E6%AF%8D,4.6,,$200-400,素食餐廳,已查證,2026-07-21
足立,,,,heather.chen0216,https://www.threads.com/@heather.chen0216/post/Da-iQkhk2xu,https://www.threads.com/@harriet0308/post/Da-TmgNkXOM,heather.chen0216 1天 足立 翻譯,Adachi足立壽司,日式料理,110臺北市信義區景新里莊敬路239巷12號,信義,https://www.google.com/maps/search/?api=1&query=%E8%B6%B3%E7%AB%8B%20%E5%8F%B0%E5%8C%97,4.8,,,壽司店,已查證,2026-07-21
里歐帕朵比薩＆義大利麵,披薩／義大利麵,大直,建議提前訂位,yumiou,https://www.threads.com/@yumiou/post/DbAyJqWGcKP,https://www.threads.com/@harriet0308/post/Da-TmgNkXOM,yumiou 21小時 大直里歐帕朵比薩&義大利麵，懂食材的人一吃一定可以感受到主廚的用心，但一定要提前訂位,里歐帕朵•花豹吃披薩•Leopardo,義式/西式,104臺北市中山區大直里大直街52巷26號1樓,中山,https://www.google.com/maps/search/?api=1&query=%E9%87%8C%E6%AD%90%E5%B8%95%E6%9C%B5%E6%AF%94%E8%96%A9%EF%BC%86%E7%BE%A9%E5%A4%A7%E5%88%A9%E9%BA%B5%20%E5%A4%A7%E7%9B%B4,4.8,,$400-600,薄餅餐廳,已查證,2026-07-21
京月香,,酒泉街,,chingchangtw,https://www.threads.com/@chingchangtw/post/DbAwhqaj2S0,https://www.threads.com/@harriet0308/post/Da-TmgNkXOM,chingchangtw 21小時 酒泉街 京月香,京月香,其他餐飲,103臺北市大同區至聖里酒泉街100號1樓,大同,"https://www.google.com/maps/place/%E4%BA%AC%E6%9C%88%E9%A6%99/@25.0718755,121.5144189,17z/data=!3m1!4b1!4m6!3m5!1s0x3442afa1b8075bb3:0x6dbb46ff834a8438!8m2!3d25.0718755!4d121.5144189!16s%2Fg%2F11h5rfp4bl?entry=ttu&g_ep=EgoyMDI2MDcxNS4wIKXMDSoASAFQAw%3D%3D",5,,$200-400,餐廳,已查證,2026-07-21
咔豬,炸豬排,北投區唭哩岸站步行2分鐘,店家自薦,katsu.tw,https://www.threads.com/@katsu.tw/post/DbAtn8SEY9l,https://www.threads.com/@harriet0308/post/Da-TmgNkXOM,katsu.tw 21小時 怎麼可以少了我 這裡是位在唭哩岸捷運站步行兩分鐘/北投區的豬排專賣店「咔豬」。 天氣開始熱了！ 夏天熱到沒胃口？酥脆多汁的炸豬排，一口下去食慾全開，爽快又滿足！ 誠心期待各位的光臨。,咔豬 北投店,日式料理,112臺北市北投區立農里吉利街123巷32號,北投,https://www.google.com/maps/search/?api=1&query=%E5%92%94%E8%B1%AC%20%E5%8C%97%E6%8A%95%E5%8D%80%E5%94%AD%E5%93%A9%E5%B2%B8%E7%AB%99%E6%AD%A5%E8%A1%8C2%E5%88%86%E9%90%98,4.5,,$200-400,餐廳,已查證,2026-07-21
招治飯店,中菜,,,y__o6o4,https://www.threads.com/@y__o6o4/post/DbCUTpgASeC,https://www.threads.com/@harriet0308/post/Da-TmgNkXOM,y__o6o4 6小時 川菜：老位川酒 江浙菜：人間半醒 湘菜：湘八老 上海菜：葉公館 火鍋：蔣老爹愛吃鍋 義大利麵：李氏、章邖 居酒屋：東京系列（東京煙火氣、東京酒食製作所…） 燒肉：阿叔燒肉 中菜：招治飯店 韓式：李上,招治飯店,港式/中式合菜,105臺北市松山區東勢里南京東路四段133巷4弄6號1樓,松山,https://www.google.com/maps/search/?api=1&query=%E6%8B%9B%E6%B2%BB%E9%A3%AF%E5%BA%97%20%E5%8F%B0%E5%8C%97,4.4,,$400-600,台灣餐廳,已查證,2026-07-21
東京油組拉麵,油麵／拉麵,,,dodoyen,https://www.threads.com/@dodoyen/post/Da_tRS4kwRX,https://www.threads.com/@harriet0308/post/Da-TmgNkXOM,dodoyen 1天 東京油組拉麵🍜,,日式料理,,未標示地區,https://www.google.com/maps/search/?api=1&query=%E6%9D%B1%E4%BA%AC%E6%B2%B9%E7%B5%84%E6%8B%89%E9%BA%B5,,,,,待確認,2026-07-21
東京酒食製作所,居酒屋,,,y__o6o4,https://www.threads.com/@y__o6o4/post/DbCUTpgASeC,https://www.threads.com/@harriet0308/post/Da-TmgNkXOM,y__o6o4 6小時 川菜：老位川酒 江浙菜：人間半醒 湘菜：湘八老 上海菜：葉公館 火鍋：蔣老爹愛吃鍋 義大利麵：李氏、章邖 居酒屋：東京系列（東京煙火氣、東京酒食製作所…） 燒肉：阿叔燒肉 中菜：招治飯店 韓式：李上,東京。酒食製作所,日式料理,106臺北市大安區光武里市民大道四段86號一樓,大安,https://www.google.com/maps/search/?api=1&query=%E6%9D%B1%E4%BA%AC%E9%85%92%E9%A3%9F%E8%A3%BD%E4%BD%9C%E6%89%80%20%E5%8F%B0%E5%8C%97,4.5,,,餐廳,已查證,2026-07-21
東京煙火氣,居酒屋,,,y__o6o4,https://www.threads.com/@y__o6o4/post/DbCUTpgASeC,https://www.threads.com/@harriet0308/post/Da-TmgNkXOM,y__o6o4 6小時 川菜：老位川酒 江浙菜：人間半醒 湘菜：湘八老 上海菜：葉公館 火鍋：蔣老爹愛吃鍋 義大利麵：李氏、章邖 居酒屋：東京系列（東京煙火氣、東京酒食製作所…） 燒肉：阿叔燒肉 中菜：招治飯店 韓式：李上,,日式料理,,未標示地區,https://www.google.com/maps/search/?api=1&query=%E6%9D%B1%E4%BA%AC%E7%85%99%E7%81%AB%E6%B0%A3,,,,,待確認,2026-07-21
東越河粉福州乾麵,越南河粉／福州乾麵,,推薦蛋黃麵；份量大、上餐快,michellet0206,https://www.threads.com/@michellet0206/post/DbBdihZExjB,https://www.threads.com/@harriet0308/post/Da-TmgNkXOM,michellet0206 14小時 這家的蛋黃麵是我吃過最好吃的、而且只要160！ 心情不好就會來吃😋 maps.app.goo.gl/Q1XYW… 阿姨人超好😍超大一碗只要150、上餐速度超快 maps.app.goo.gl/yXsac… google.com 東越河粉福州乾麵 · 4.6★(57) · Restaurant,東越河粉福州乾麵,泰越料理,106臺北市大安區大學里溫州街74巷8號1樓,大安,https://www.google.com/maps/search/?api=1&query=%E6%9D%B1%E8%B6%8A%E6%B2%B3%E7%B2%89%E7%A6%8F%E5%B7%9E%E4%B9%BE%E9%BA%B5%20%E5%8F%B0%E5%8C%97,4.6,,$1-200,餐廳,已查證,2026-07-21
東豐東,火鍋,,,wildbrier,https://www.threads.com/@wildbrier/post/Da-sdpgEkOb,https://www.threads.com/@harriet0308/post/Da-TmgNkXOM,wildbrier 1天 東豐東（火鍋）,東豐東鍋物｜雞白湯｜頂級海陸食材｜個人式火鍋,火鍋/鍋物,106092臺北市大安區德安里東豐街37號,大安,https://www.google.com/maps/search/?api=1&query=%E6%9D%B1%E8%B1%90%E6%9D%B1%20%E5%8F%B0%E5%8C%97,4.8,,,火鍋餐廳,已查證,2026-07-21
武田咖哩,咖哩,,咖哩愛好者推薦,zoe.ferng,https://www.threads.com/@zoe.ferng/post/DbBCYX0kTHm,https://www.threads.com/@harriet0308/post/Da-TmgNkXOM,zoe.ferng 18小時 身為咖哩愛好者 只能推武田咖哩了💗 真的超喜歡 咖哩界必吃,武田咖哩食堂 TORIAEZU CURRY,日式料理,105臺北市松山區富錦里三民路146號,松山,https://www.google.com/maps/search/?api=1&query=%E6%AD%A6%E7%94%B0%E5%92%96%E5%93%A9%20%E5%8F%B0%E5%8C%97,4.3,,,日式咖哩餐廳,已查證,2026-07-21
沾美西餐廳,西餐,,,ginny_220,https://www.threads.com/@ginny_220/post/Da-aEJCki60,https://www.threads.com/@harriet0308/post/Da-TmgNkXOM,ginny_220 1天 沾美西餐廳,沾美西餐廳,義式/西式,106臺北市大安區仁愛里仁愛路四段77號B1,大安,https://www.google.com/maps/search/?api=1&query=%E6%B2%BE%E7%BE%8E%E8%A5%BF%E9%A4%90%E5%BB%B3%20%E5%8F%B0%E5%8C%97,4.5,,,西餐廳,已查證,2026-07-21
法柏纖盒,健康餐盒／便當,,推薦骰子牛,ann_bula,https://www.threads.com/@ann_bula/post/DbAUr_4E36n,https://www.threads.com/@harriet0308/post/Da-TmgNkXOM,ann_bula 1天 便當可以嗎 法柏纖盒-骰子牛!!!,法伯纖盒,小吃/麵食,100臺北市中正區光復里漢口街一段68巷3號,中正,https://www.google.com/maps/search/?api=1&query=%E6%B3%95%E6%9F%8F%E7%BA%96%E7%9B%92%20%E5%8F%B0%E5%8C%97,4.4,,$1-200,餐廳,已查證,2026-07-21
牧山丘 muhills,義式料理,台北市大同區迪化街一段173號,12:00–21:00,huahuatsao,https://www.threads.com/@huahuatsao/post/Da_rui4k7Sf,https://www.threads.com/@harriet0308/post/Da-TmgNkXOM,huahuatsao 1天 歡迎用餐🍽️ 好美😍更好吃😋 讓外國朋友也稱讚的義式料理👍 牧山丘muhills reurl.cc/ax9Np… 地址｜台北市大同區迪化街一段173號 捷運｜大橋頭/ 北門站 時間｜12:00-21:00 電話｜02-25578938,牧山丘,義式/西式,103臺北市大同區大有里迪化街一段173號,大同,https://www.google.com/maps/search/?api=1&query=%E7%89%A7%E5%B1%B1%E4%B8%98%20muhills%20%E5%8F%B0%E5%8C%97%E5%B8%82%E5%A4%A7%E5%90%8C%E5%8D%80%E8%BF%AA%E5%8C%96%E8%A1%97%E4%B8%80%E6%AE%B5173%E8%99%9F,4.3,,$400-600,意大利餐廳,已查證,2026-07-21
芝鄉涼麵,涼麵,,,shanyishun,https://www.threads.com/@shanyishun/post/DbCbagEAZ-7,https://www.threads.com/@harriet0308/post/Da-TmgNkXOM,shanyishun 5小時 直接上地圖 maps.app.goo.gl/J4A8s… google.com 芝鄉涼麵 · 4.2★(1510) · Cold noodle restaurant,芝鄉涼麵,小吃/麵食,106臺北市大安區群賢里和平東路二段311巷26號,大安,https://www.google.com/maps/search/?api=1&query=%E8%8A%9D%E9%84%89%E6%B6%BC%E9%BA%B5%20%E5%8F%B0%E5%8C%97,4.2,,$1-200,冷麵店,已查證,2026-07-21
花娘小館,中菜,,推薦蒼蠅頭、肋排,linyanhwei,https://www.threads.com/@linyanhwei/post/DbBaJK6k7e5,https://www.threads.com/@harriet0308/post/Da-TmgNkXOM,linyanhwei 15小時 推薦花娘小館，蒼蠅頭，肋排都很棒,花娘小館（創始店）,港式/中式合菜,105臺北市松山區中華里敦化北路165巷9號1樓,松山,https://www.google.com/maps/search/?api=1&query=%E8%8A%B1%E5%A8%98%E5%B0%8F%E9%A4%A8%20%E5%8F%B0%E5%8C%97,4.3,,$400-600,四川酒家,已查證,2026-07-21
芸妞妞米干,米干／小吃,,回訪10幾次,shuwei.l,https://www.threads.com/@shuwei.l/post/Da-xNV0iRED,https://www.threads.com/@harriet0308/post/Da-TmgNkXOM,shuwei.l 1天 maps.app.goo.gl/bdEzD… 來點不一樣的芸妞妞，被同事推薦之後，已經回訪10幾次 google.com 芸妞妞米干 · 4.6★(70) · Snack bar,芸妞妞米干,小吃/麵食,114臺北市內湖區西湖里內湖路一段323巷13號1樓,內湖,https://www.google.com/maps/search/?api=1&query=%E8%8A%B8%E5%A6%9E%E5%A6%9E%E7%B1%B3%E5%B9%B2%20%E5%8F%B0%E5%8C%97,4.6,,$1-200,小食/零食吧,已查證,2026-07-21
金月-日本鍋料理擔當,高級日式火鍋,,清酒入湯；氣氛佳,dollars_official_tw,https://www.threads.com/@dollars_official_tw/post/DbDDGffCVJ6,https://www.threads.com/@harriet0308/post/Da-TmgNkXOM,dollars_official_tw 10分鐘 金月鍋物！ 高級日式火鍋，招牌清酒入湯，氣氛感也滿滿❤️ maps.app.goo.gl/k32LQ… google.com 金月-日本鍋料理擔當 · 4.7★(191) · Hot pot restaurant,金月-日本鍋料理擔當,火鍋/鍋物,106臺北市大安區仁慈里大安路一段176巷1號,大安,https://www.google.com/maps/search/?api=1&query=%E9%87%91%E6%9C%88-%E6%97%A5%E6%9C%AC%E9%8D%8B%E6%96%99%E7%90%86%E6%93%94%E7%95%B6%20%E5%8F%B0%E5%8C%97,4.7,,,火鍋餐廳,已查證,2026-07-21
金奇雞專業脆皮炸雞,炸雞,新北市三重區慈愛街48號,經濟實惠；外皮酥脆,sabrinanirdas,https://www.threads.com/@sabrinanirdas/post/DbBauamjyrs,https://www.threads.com/@harriet0308/post/Da-TmgNkXOM,sabrinanirdas 15小時 這家是我目前在雙北吃過最經濟實惠的炸雞 雞翅7隻100元而且不是小隻的那種 吃起來皮酥脆肉也不乾柴 📍 金奇雞專業脆皮炸雞：三重區慈愛街48號 @shut_up_and_eat_golden_g,金奇雞-專業脆皮炸雞,鹹酥雞/炸物,241新北市三重區慈福里慈愛街48號,三重,https://www.google.com/maps/search/?api=1&query=%E9%87%91%E5%A5%87%E9%9B%9E%E5%B0%88%E6%A5%AD%E8%84%86%E7%9A%AE%E7%82%B8%E9%9B%9E%20%E6%96%B0%E5%8C%97%E5%B8%82%E4%B8%89%E9%87%8D%E5%8D%80%E6%85%88%E6%84%9B%E8%A1%9748%E8%99%9F,4.7,,,炸雞外帶,已查證,2026-07-21
金蓬萊,台菜,巷弄／台北,吃完會想回訪,stocktalk_tw,https://www.threads.com/@stocktalk_tw/post/DbBLFp6gcyW,https://www.threads.com/@harriet0308/post/Da-TmgNkXOM,stocktalk_tw 17小時 無此類文我先想到金蓬萊那種藏在巷子裡的台菜，吃完真的會一直想回訪哈哈,金蓬萊遵古台菜餐廳,港式/中式合菜,111臺北市士林區天和里天母東路101號,士林,"https://www.google.com/maps/place/%E9%87%91%E8%93%AC%E8%90%8A%E9%81%B5%E5%8F%A4%E5%8F%B0%E8%8F%9C%E9%A4%90%E5%BB%B3/@25.1182996,121.5362517,17z/data=!3m1!4b1!4m6!3m5!1s0x3442ae7fe527654f:0x943ba6a9916744a7!8m2!3d25.1182996!4d121.5362517!16s%2Fg%2F1vbl58b6?entry=ttu&g_ep=EgoyMDI2MDcxNS4wIKXMDSoASAFQAw%3D%3D",4.3,,,台灣餐廳,已查證,2026-07-21
金雞園,中菜／小吃,,味道多年穩定,jeromesung,https://www.threads.com/@jeromesung/post/DbA-mH-lbKc,https://www.threads.com/@harriet0308/post/Da-TmgNkXOM,jeromesung 19小時 金雞園、高記、誠記（越南麵食）、趙記（菜肉餛吞） 這幾家符合我的40年味道不變的基本原則 排骨飯跟牛肉麵各有一家N刷，主要也是因為他們40年沒有改變味道是我的重點，這兩項最容易有人硬要放「那家不好吃這家才好吃」 的留言就算了不放,,港式/中式合菜,,未標示地區,https://www.google.com/maps/search/?api=1&query=%E9%87%91%E9%9B%9E%E5%9C%92,,,,,待確認,2026-07-21
阿玉水餃,生水餃,,店家只賣生水餃，需自煮,ro23247,https://www.threads.com/@ro23247/post/DbA3_ucFF4P,https://www.threads.com/@harriet0308/post/Da-TmgNkXOM,ro23247 20小時 阿玉水餃 只是要自己煮，店家只賣生水餃,阿玉水餃 (生水餃專賣店),小吃/麵食,106臺北市大安區龍淵里辛亥路二段217號,大安,https://www.google.com/maps/search/?api=1&query=%E9%98%BF%E7%8E%89%E6%B0%B4%E9%A4%83%20%E5%8F%B0%E5%8C%97,4.3,,$1-200,餃子店,已查證,2026-07-21
阿伯蛋包麵,蛋包麵,,,brianchen_1114,https://www.threads.com/@brianchen_1114/post/DbAt9CRlCms,https://www.threads.com/@harriet0308/post/Da-TmgNkXOM,brianchen_1114 21小時 阿伯蛋包麵,阿伯蛋包麵,小吃/麵食,108臺北市萬華區綠堤里雙園街88號,萬華,https://www.google.com/maps/search/?api=1&query=%E9%98%BF%E4%BC%AF%E8%9B%8B%E5%8C%85%E9%BA%B5%20%E5%8F%B0%E5%8C%97,4.2,,$1-200,中式麵食店,已查證,2026-07-21
阿里小廚,,永和樂華外,由 Daddy 廚房分家,_nnnnnnnora_,https://www.threads.com/@_nnnnnnnora_/post/Da_ythikwZk,https://www.threads.com/@harriet0308/post/Da-TmgNkXOM,_nnnnnnnora_ 1天 阿里小廚 永和樂華外面 原本的daddy廚房分家出來的,阿里小廚美式牛排餐廳,義式/西式,234新北市永和區協和里永和路一段117號,永和,https://www.google.com/maps/search/?api=1&query=%E9%98%BF%E9%87%8C%E5%B0%8F%E5%BB%9A%20%E6%B0%B8%E5%92%8C%E6%A8%82%E8%8F%AF%E5%A4%96,4.3,,$400-600,扒房,已查證,2026-07-21
阿叔燒肉,燒肉,,,y__o6o4,https://www.threads.com/@y__o6o4/post/DbCUTpgASeC,https://www.threads.com/@harriet0308/post/Da-TmgNkXOM,y__o6o4 6小時 川菜：老位川酒 江浙菜：人間半醒 湘菜：湘八老 上海菜：葉公館 火鍋：蔣老爹愛吃鍋 義大利麵：李氏、章邖 居酒屋：東京系列（東京煙火氣、東京酒食製作所…） 燒肉：阿叔燒肉 中菜：招治飯店 韓式：李上,阿叔燒肉 台北店 大巨蛋 國父紀念館 台北美食 聚餐 包廂 東區燒肉,燒烤/鐵板燒,106臺北市大安區正聲里光復南路280巷29號1樓,大安,https://www.google.com/maps/search/?api=1&query=%E9%98%BF%E5%8F%94%E7%87%92%E8%82%89%20%E5%8F%B0%E5%8C%97,4.9,,,日式燒肉餐廳,已查證,2026-07-21
青沐,,中山,,fang_yu_158,https://www.threads.com/@fang_yu_158/post/DbAt5JElAIO,https://www.threads.com/@harriet0308/post/Da-TmgNkXOM,fang_yu_158 21小時 感覺青沐不錯 在中山,青沐 (中山店),義式/西式,103臺北市大同區建泰里南京西路18巷6弄6之4號,大同,https://www.google.com/maps/place/%E9%9D%92%E6%B2%90+%28%E4%B8%AD%E5%B1%B1%E5%BA%97%29/data=!4m7!3m6!1s0x3442a900776b29a1:0xffce93823860ad5!8m2!3d25.0519847!4d121.5197794!16s%2Fg%2F11zj655578!19sChIJoSlrdwCpQjQR1QqGIzjp_A8?authuser=0&hl=zh-TW&rclk=1,4.2,,$400-600,意大利餐廳,已查證,2026-07-21
南港中信享鮮餐廳,海鮮／自助餐,南港中信,推薦海鮮；留言稱肉類較弱,hnywg,https://www.threads.com/@hnywg/post/DbBDF-_k_ib,https://www.threads.com/@harriet0308/post/Da-TmgNkXOM,hnywg 18小時 從小吃到大的：台北市圍爐酸菜白肉火鍋、夫妻肺片麻辣鍋、橋頭麻辣鍋、七輪燒肉 最近愛上的一品蔬菜羊肉爐、麻皇麻辣火鍋、AJIMI、鰭狄日式阪前、萬豪欣葉鍾菜（比一般欣葉好吃） 南港中信享鮮餐廳的海鮮（肉類普遍不行）,享鮮餐廳南港分店,吃到飽/自助餐,115臺北市南港區三重里經貿二路188號2樓,南港,https://www.google.com/maps/search/?api=1&query=%E5%8D%97%E6%B8%AF%E4%B8%AD%E4%BF%A1%E4%BA%AB%E9%AE%AE%E9%A4%90%E5%BB%B3%20%E5%8D%97%E6%B8%AF%E4%B8%AD%E4%BF%A1,4.5,,,中菜館,已查證,2026-07-21
品冠客家小館,客家菜,,,__dinosaur_girl__,https://www.threads.com/@__dinosaur_girl__/post/DbBfoNYE3xT,https://www.threads.com/@harriet0308/post/Da-TmgNkXOM,__dinosaur_girl__ 14小時 雲之南 品冠客家小館,品冠客家小館,港式/中式合菜,105臺北市松山區東光里南京東路五段23巷9弄4號,松山,https://www.google.com/maps/search/?api=1&query=%E5%93%81%E5%86%A0%E5%AE%A2%E5%AE%B6%E5%B0%8F%E9%A4%A8%20%E5%8F%B0%E5%8C%97,4.4,,$400-600,客家菜館,已查證,2026-07-21
客多美日式咖啡廳,咖啡廳,,,uniaviona,https://www.threads.com/@uniaviona/post/DbAZwVwidBg,https://www.threads.com/@harriet0308/post/Da-TmgNkXOM,uniaviona 1天 我最愛評價的北村豆腐鍋 客多美日式咖啡廳 你知道我為什麼不齒下說嗎 因為我想留存這篇,,甜點/飲料,,未標示地區,https://www.google.com/maps/search/?api=1&query=%E5%AE%A2%E5%A4%9A%E7%BE%8E%E6%97%A5%E5%BC%8F%E5%92%96%E5%95%A1%E5%BB%B3,,,,,待確認,2026-07-21
建一食堂,食堂,八德路,,vivi_072088,https://www.threads.com/@vivi_072088/post/DbCvdphjwFY,https://www.threads.com/@harriet0308/post/Da-TmgNkXOM,vivi_072088 3小時 在八德路的建一食堂👍,建一食堂,小吃/麵食,10491臺北市中山區埤頭里八德路二段300巷10號,中山,https://www.google.com/maps/search/?api=1&query=%E5%BB%BA%E4%B8%80%E9%A3%9F%E5%A0%82%20%E5%85%AB%E5%BE%B7%E8%B7%AF,4.5,,,食堂與定食餐廳,已查證,2026-07-21
星海食事所,,台北東區,位子少，建議預約,qwer0318,https://www.threads.com/@qwer0318/post/DbBZjlomRXE,https://www.threads.com/@harriet0308/post/Da-TmgNkXOM,qwer0318 15小時 我們超愛吃這間的，已經帶了兩位朋友去吃了❤️ 台北東區：星海食事所 記得預約喔因為有時候突然滿人，位子很少,星海食事所,日式料理,106臺北市大安區車層里延吉街68-36號,大安,https://www.google.com/maps/search/?api=1&query=%E6%98%9F%E6%B5%B7%E9%A3%9F%E4%BA%8B%E6%89%80%20%E5%8F%B0%E5%8C%97%E6%9D%B1%E5%8D%80,4.3,,$400-600,日本餐廳,已查證,2026-07-21
美觀園 36號本舖,日式料理,西門町,創始老店；推薦海蜇皮與自製美乃滋,mingshan_wu,https://www.threads.com/@mingshan_wu/post/DbBlyCukvlw,https://www.threads.com/@harriet0308/post/Da-TmgNkXOM,mingshan_wu 13小時 西門町 美觀園 36號本舖 真的是美道都好吃 那兒有兩家 要注意是（36號本舖）那家才是創始老店 推海蜇皮、還有美乃滋ㄧ定要試！ 美乃滋都是老闆自己做的,"美觀園日本料理 Merry Cuisine（36號本舖）｜台北城老舖烹派日料 - 大器吃喝,老少嗨樂！",日式料理,108臺北市萬華區西門里峨眉街36號,萬華,"https://www.google.com/maps/place/%E7%BE%8E%E8%A7%80%E5%9C%92%E6%97%A5%E6%9C%AC%E6%96%99%E7%90%86+Merry+Cuisine%EF%BC%8836%E8%99%9F%E6%9C%AC%E8%88%96%EF%BC%89%EF%BD%9C%E5%8F%B0%E5%8C%97%E5%9F%8E%E8%80%81%E8%88%96%E7%83%B9%E6%B4%BE%E6%97%A5%E6%96%99+-+%E5%A4%A7%E5%99%A8%E5%90%83%E5%96%9D,%E8%80%81%E5%B0%91%E5%97%A8%E6%A8%82%EF%BC%81/data=!4m7!3m6!1s0x3442a9ae577ead61:0x4a4848a07ebbc5f6!8m2!3d25.0434641!4d121.5066139!16s%2Fg%2F1pzvv9rg2!19sChIJYa1-V66pQjQR9sW7fqBISEo?authuser=0&hl=zh-TW&rclk=1",4.4,,$200-600,日本餐廳,已查證,2026-07-21
胃太小私房菜,私房菜,,,arielchenxo,https://www.threads.com/@arielchenxo/post/Da-uPj3k0wG,https://www.threads.com/@harriet0308/post/Da-TmgNkXOM,arielchenxo 1天 胃太小私房菜😍😍😍,胃太小私房菜,其他餐飲,111臺北市士林區德行里福國路56巷12-1號,士林,https://www.google.com/maps/search/?api=1&query=%E8%83%83%E5%A4%AA%E5%B0%8F%E7%A7%81%E6%88%BF%E8%8F%9C%20%E5%8F%B0%E5%8C%97,4.3,,$200-400,中菜館,已查證,2026-07-21
食為天麵食館,麵食,中山站,價格不貴；推薦者心中前三名麵店,chunchunloveyou,https://www.threads.com/@chunchunloveyou/post/DbAF8Umk8El,https://www.threads.com/@harriet0308/post/Da-TmgNkXOM,chunchunloveyou 1天 食為天麵食館，不貴在中山站 心中前三名麵店😻,食為天麵食館,小吃/麵食,103臺北市大同區光能里承德路二段1巷7號,大同,https://www.google.com/maps/search/?api=1&query=%E9%A3%9F%E7%82%BA%E5%A4%A9%E9%BA%B5%E9%A3%9F%E9%A4%A8%20%E4%B8%AD%E5%B1%B1%E7%AB%99,4.5,,$1-200,餐廳,已查證,2026-07-21
食徒,麻辣鍋,,推薦牛尾湯底罌粟麻辣鍋,giyohuang,https://www.threads.com/@giyohuang/post/DbAdPQFoBdI,https://www.threads.com/@harriet0308/post/Da-TmgNkXOM,giyohuang 1天 食徒-牛尾湯底罌粟麻辣鍋！,食徒麻辣火鍋,火鍋/鍋物,104臺北市中山區埤頭里復興南路一段20號,中山,https://www.google.com/maps/place/%E9%A3%9F%E5%BE%92%E9%BA%BB%E8%BE%A3%E7%81%AB%E9%8D%8B/data=!4m7!3m6!1s0x3442abc5e3fef5b3:0xf540758ff9e058cd!8m2!3d25.0466837!4d121.54368!16s%2Fg%2F11dylwlc4g!19sChIJs_X-48WrQjQRzVjg-Y91QPU?authuser=0&hl=zh-TW&rclk=1,4.6,,,火鍋餐廳,已查證,2026-07-21
夏綠沁,,,,chyochyo__,https://www.threads.com/@chyochyo__/post/DbACfWWkgnv,https://www.threads.com/@harriet0308/post/Da-TmgNkXOM,chyochyo__ 1天 夏綠沁！銀島一番！,夏綠沁-義大利麵燉飯-餐酒館下午茶-松山機場美食-適合外帶外送,其他餐飲,105臺北市松山區民有里敦化北路244巷37號,松山,https://www.google.com/maps/search/?api=1&query=%E5%A4%8F%E7%B6%A0%E6%B2%81%20%E5%8F%B0%E5%8C%97,4.8,,$400-600,餐廳,已查證,2026-07-21
破壞者咖啡食堂,咖啡／食堂,,,cccccccandice_,https://www.threads.com/@cccccccandice_/post/Da_0J7rk7Du,https://www.threads.com/@harriet0308/post/Da-TmgNkXOM,cccccccandice_ 1天 破壞者咖啡食堂,破壞者珈琲食堂,甜點/飲料,105041臺北市松山區中崙里八德路二段366巷27號,松山,https://www.google.com/maps/search/?api=1&query=%E7%A0%B4%E5%A3%9E%E8%80%85%E5%92%96%E5%95%A1%E9%A3%9F%E5%A0%82%20%E5%8F%B0%E5%8C%97,4.4,,,日本餐廳,已查證,2026-07-21
索菲亞新疆美食,新疆料理,中崙市場,推薦乾拌麵系列,torrence_tien,https://www.threads.com/@torrence_tien/post/DbBl_rDkoGx,https://www.threads.com/@harriet0308/post/Da-TmgNkXOM,torrence_tien 13小時 1. 三重的台灣蕃薯（賣可頌）。不至於沒吃到會覺得此生枉然的程度，但是已經回訪N次，吃過很多口味，全部都好吃，價格還很實惠。 2. 板橋的小喬新疆羊肉串（大盤雞） 適合小鳥胃： 三和夜市的新疆乾拌麵（大盤雞麵） 中崙市場，索菲亞新疆美食的乾拌麵系列 3. 三和夜市文化北路的趙平米苔目，不是神級美味，但整體很不錯，目前同類的冰店找不到對手,索菲亞新疆美食（清真）謝謝您的喜愛6月22日～8月7日店休,其他餐飲,105臺北市松山區吉仁里八德路三段76號13號2樓,松山,https://www.google.com/maps/search/?api=1&query=%E7%B4%A2%E8%8F%B2%E4%BA%9E%E6%96%B0%E7%96%86%E7%BE%8E%E9%A3%9F%20%E4%B8%AD%E5%B4%99%E5%B8%82%E5%A0%B4,4.5,,$1-200,亞洲菜餐廳,已查證,2026-07-21
臭大蔬,臭豆腐／蔬食,三重國小捷運站出口,,yun276888,https://www.threads.com/@yun276888/post/DbAwvF0k6lP,https://www.threads.com/@harriet0308/post/Da-TmgNkXOM,yun276888 21小時 三重國小捷運出口 臭大蔬！,臭大蔬-蒸臭豆腐-三重國小店,素食,241新北市三重區三和路三段2號1樓,三重,https://www.google.com/maps/search/?api=1&query=%E8%87%AD%E5%A4%A7%E8%94%AC%20%E4%B8%89%E9%87%8D%E5%9C%8B%E5%B0%8F%E6%8D%B7%E9%81%8B%E7%AB%99%E5%87%BA%E5%8F%A3,4.4,,$1-200,素食餐廳,已查證,2026-07-21
高記,中菜／點心,,味道多年穩定,jeromesung,https://www.threads.com/@jeromesung/post/DbA-mH-lbKc,https://www.threads.com/@harriet0308/post/Da-TmgNkXOM,jeromesung 19小時 金雞園、高記、誠記（越南麵食）、趙記（菜肉餛吞） 這幾家符合我的40年味道不變的基本原則 排骨飯跟牛肉麵各有一家N刷，主要也是因為他們40年沒有改變味道是我的重點，這兩項最容易有人硬要放「那家不好吃這家才好吃」 的留言就算了不放,高記新生店,港式/中式合菜,106臺北市大安區民炤里新生南路一段167號,大安,https://www.google.com/maps/search/?api=1&query=%E9%AB%98%E8%A8%98%20%E5%8F%B0%E5%8C%97,3.9,,$400-800,滬菜館,已查證,2026-07-21
康樂意包子,包子／小吃,,,jiawenqing0707,https://www.threads.com/@jiawenqing0707/post/Da-VGK5kRJD,https://www.threads.com/@harriet0308/post/Da-TmgNkXOM,jiawenqing0707 1天 康乐意包子,康樂意小吃店,小吃/麵食,100臺北市中正區螢圃里汀州路二段46號,中正,https://www.google.com/maps/search/?api=1&query=%E5%BA%B7%E6%A8%82%E6%84%8F%E5%8C%85%E5%AD%90%20%E5%8F%B0%E5%8C%97,4.1,,$1-200,中式包點店,已查證,2026-07-21
梅子餐廳,鰻魚飯,,推薦鰻魚飯,hsiao.0316,https://www.threads.com/@hsiao.0316/post/DbAULO-IB2O,https://www.threads.com/@harriet0308/post/Da-TmgNkXOM,hsiao.0316 1天 梅子餐廳鰻魚飯,梅子台灣料理餐廳 林森老店,日式料理,10443臺北市中山區正義里林森北路107巷1號,中山,https://www.google.com/maps/search/?api=1&query=%E6%A2%85%E5%AD%90%E9%A4%90%E5%BB%B3%20%E5%8F%B0%E5%8C%97,4.5,,,台灣餐廳,已查證,2026-07-21
涮武鶴,火鍋,,,gihiliki,https://www.threads.com/@gihiliki/post/Da_DUMDkk6K,https://www.threads.com/@harriet0308/post/Da-TmgNkXOM,gihiliki 1天 涮武鶴 極鶴 Nagomi,涮武鶴和牛火鍋 (仁化),火鍋/鍋物,220新北市板橋區嵐翠里仁化街86號,板橋,https://www.google.com/maps/place/%E6%B6%AE%E6%AD%A6%E9%B6%B4%E5%92%8C%E7%89%9B%E7%81%AB%E9%8D%8B+%28%E4%BB%81%E5%8C%96%29/data=!4m7!3m6!1s0x3442a971e0d0650d:0xbdb6c3899b4d46df!8m2!3d25.0318193!4d121.4763651!16s%2Fg%2F11f3s2hk4_!19sChIJDWXQ4HGpQjQR30ZNm4nDtr0?authuser=0&hl=zh-TW&rclk=1,4.7,,,火鍋餐廳,已查證,2026-07-21
野草居食屋,居酒屋,台北市中正區同安街28巷1號,氛圍好；17:00–23:30,richflute,https://www.threads.com/@richflute/post/DbAT5j3ARfJ,https://www.threads.com/@harriet0308/post/Da-TmgNkXOM,richflute 野草居食屋 1天 野草居食屋~~~氛圍超好的居酒屋！九月好像要整修了，要快點找機會去吃！ ⏰營業時間：17:00–23:30 📍店面地址：台北市中正區同安街28巷1號 📞客服專線：(02)2366-0618（電話回覆 15:30–23:00）,野草居食屋,日式料理,100臺北市中正區同安街28巷1號,中正,https://www.google.com/maps/search/?api=1&query=%E9%87%8E%E8%8D%89%E5%B1%85%E9%A3%9F%E5%B1%8B%20%E5%8F%B0%E5%8C%97%E5%B8%82%E4%B8%AD%E6%AD%A3%E5%8D%80%E5%90%8C%E5%AE%89%E8%A1%9728%E5%B7%B71%E8%99%9F,4.5,,,居酒屋,已查證,2026-07-21
章邖,義大利麵,,,y__o6o4,https://www.threads.com/@y__o6o4/post/DbCUTpgASeC,https://www.threads.com/@harriet0308/post/Da-TmgNkXOM,y__o6o4 6小時 川菜：老位川酒 江浙菜：人間半醒 湘菜：湘八老 上海菜：葉公館 火鍋：蔣老爹愛吃鍋 義大利麵：李氏、章邖 居酒屋：東京系列（東京煙火氣、東京酒食製作所…） 燒肉：阿叔燒肉 中菜：招治飯店 韓式：李上,Ariel lee 章邖．Cafe,義式/西式,106臺北市大安區建安里敦化南路一段187巷63號1樓,大安,https://www.google.com/maps/search/?api=1&query=%E7%AB%A0%E9%82%96%20%E5%8F%B0%E5%8C%97,4.1,,$400-600,咖啡店,已查證,2026-07-21
麥當勞 台北南京五餐廳,速食,台北南京五餐廳,,lcl810202,https://www.threads.com/@lcl810202/post/DbA1WQgE2F-,https://www.threads.com/@harriet0308/post/Da-TmgNkXOM,lcl810202 20小時 麥當勞-台北南京五餐廳,麥當勞-台北南京五餐廳,義式/西式,104臺北市中山區力行里南京東路三段210號1號,中山,https://www.google.com/maps/search/?api=1&query=%E9%BA%A5%E7%95%B6%E5%8B%9E%20%E5%8F%B0%E5%8C%97%E5%8D%97%E4%BA%AC%E4%BA%94%E9%A4%90%E5%BB%B3,3.7,,$1-200,快餐店,已查證,2026-07-21
麻皇麻辣火鍋,麻辣鍋,,最近愛上,hnywg,https://www.threads.com/@hnywg/post/DbBDF-_k_ib,https://www.threads.com/@harriet0308/post/Da-TmgNkXOM,hnywg 18小時 從小吃到大的：台北市圍爐酸菜白肉火鍋、夫妻肺片麻辣鍋、橋頭麻辣鍋、七輪燒肉 最近愛上的一品蔬菜羊肉爐、麻皇麻辣火鍋、AJIMI、鰭狄日式阪前、萬豪欣葉鍾菜（比一般欣葉好吃） 南港中信享鮮餐廳的海鮮（肉類普遍不行）,麻皇麻辣火鍋 大安區仁愛店,火鍋/鍋物,106臺北市大安區光信里仁愛路四段300巷9弄4號,大安,https://www.google.com/maps/search/?api=1&query=%E9%BA%BB%E7%9A%87%E9%BA%BB%E8%BE%A3%E7%81%AB%E9%8D%8B%20%E5%8F%B0%E5%8C%97,4.8,,,火鍋餐廳,已查證,2026-07-21
創作麵坊·鮭之大助,麵食,,,yang_yang._.0114,https://www.threads.com/@yang_yang._.0114/post/DbCVBvkmDMl,https://www.threads.com/@harriet0308/post/Da-TmgNkXOM,yang_yang._.0114 6小時 創作麵坊·鮭之大助,創作麵坊·鮭之大助 板橋店,小吃/麵食,220新北市板橋區新民里漢生東路3號,板橋,https://www.google.com/maps/search/?api=1&query=%E5%89%B5%E4%BD%9C%E9%BA%B5%E5%9D%8A%C2%B7%E9%AE%AD%E4%B9%8B%E5%A4%A7%E5%8A%A9%20%E5%8F%B0%E5%8C%97,4.1,,$200-400,拉麵店,已查證,2026-07-21
勞瑞斯,西餐,信義區,,sirius0830,https://www.threads.com/@sirius0830/post/Da_H7I9E5Sc,https://www.threads.com/@harriet0308/post/Da-TmgNkXOM,sirius0830 1天 天母大爺..老闆夫婦退休了 信義勞瑞斯,勞瑞斯牛肋排餐廳,義式/西式,110臺北市信義區興雅里松仁路28號6樓,信義,https://www.google.com/maps/search/?api=1&query=%E5%8B%9E%E7%91%9E%E6%96%AF%20%E4%BF%A1%E7%BE%A9%E5%8D%80,4.4,,,扒房,已查證,2026-07-21
圍爐酸菜白肉火鍋,酸菜白肉火鍋,台北市,從小吃到大,hnywg,https://www.threads.com/@hnywg/post/DbBDF-_k_ib,https://www.threads.com/@harriet0308/post/Da-TmgNkXOM,hnywg 18小時 從小吃到大的：台北市圍爐酸菜白肉火鍋、夫妻肺片麻辣鍋、橋頭麻辣鍋、七輪燒肉 最近愛上的一品蔬菜羊肉爐、麻皇麻辣火鍋、AJIMI、鰭狄日式阪前、萬豪欣葉鍾菜（比一般欣葉好吃） 南港中信享鮮餐廳的海鮮（肉類普遍不行）,圍爐酸菜白肉火鍋,火鍋/鍋物,106臺北市大安區建倫里仁愛路四段345巷4弄36號,大安,https://www.google.com/maps/search/?api=1&query=%E5%9C%8D%E7%88%90%E9%85%B8%E8%8F%9C%E7%99%BD%E8%82%89%E7%81%AB%E9%8D%8B%20%E5%8F%B0%E5%8C%97%E5%B8%82,3.9,,,火鍋餐廳,已查證,2026-07-21
港豐撈麵飯堂,港式點心,板橋新海路,現場排隊；招牌常於晚間售罄,myangel727,https://www.threads.com/@myangel727/post/DbBvqAtE6s1,https://www.threads.com/@harriet0308/post/Da-TmgNkXOM,myangel727 12小時 我心目中港式點心的第一名： 港豐撈麵飯堂（板橋新海路） 每次17：00前門口就開始排一堆人 不能預訂位置 完全只能現場用實力排隊 晚餐時間，即便是平日 大約19：00左右 招牌菜色就差不多都賣光了 雖然後來加開了午市時間 有分流了部分的客人 但晚餐時間去吃還是很搶手,港豐撈麵飯堂,港式/中式合菜,220新北市板橋區文德里新海路128號,板橋,"https://www.google.com/maps/place/%E6%B8%AF%E8%B1%90%E6%92%88%E9%BA%B5%E9%A3%AF%E5%A0%82/@25.0230519,121.4611199,17z/data=!3m1!4b1!4m6!3m5!1s0x3442a81169958f9b:0x33fbcf4cf0dc2846!8m2!3d25.0230519!4d121.4611199!16s%2Fg%2F11xj0fpdy?entry=ttu&g_ep=EgoyMDI2MDcxNS4wIKXMDSoASAFQAw%3D%3D",4.7,,$200-400,港式茶餐廳,已查證,2026-07-21
游壽司,壽司,,回訪多次,momo880603,https://www.threads.com/@momo880603/post/DbAbhWBAcba,https://www.threads.com/@harriet0308/post/Da-TmgNkXOM,momo880603 1天 應該能算好吃的吃過很多... 認真講是後山埤石二鍋 一模一樣的味道其實對餐廳來說不簡單 旭集吃過大概十次 可是其實就連一樣的甜點都會有不一樣的味道 這家石二鍋看著一般但這個品控很可以 就連蠻喜歡也是吃過n次的游壽司 可能都點炙燒，味道就會有些許差異,,日式料理,,未標示地區,https://www.google.com/maps/search/?api=1&query=%E6%B8%B8%E5%A3%BD%E5%8F%B8,,,,,待確認,2026-07-21
湄河泰國料理,泰國料理,,,steve19910209,https://www.threads.com/@steve19910209/post/DbBadQckwnJ,https://www.threads.com/@harriet0308/post/Da-TmgNkXOM,steve19910209 15小時 湄河泰國料理,湄河泰國料理,泰越料理,106臺北市大安區正聲里延吉街157-3號,大安,https://www.google.com/maps/search/?api=1&query=%E6%B9%84%E6%B2%B3%E6%B3%B0%E5%9C%8B%E6%96%99%E7%90%86%20%E5%8F%B0%E5%8C%97,4.4,,,泰國餐廳,已查證,2026-07-21
湘八老,湘菜,,,y__o6o4,https://www.threads.com/@y__o6o4/post/DbCUTpgASeC,https://www.threads.com/@harriet0308/post/Da-TmgNkXOM,y__o6o4 6小時 川菜：老位川酒 江浙菜：人間半醒 湘菜：湘八老 上海菜：葉公館 火鍋：蔣老爹愛吃鍋 義大利麵：李氏、章邖 居酒屋：東京系列（東京煙火氣、東京酒食製作所…） 燒肉：阿叔燒肉 中菜：招治飯店 韓式：李上,湘八老,港式/中式合菜,106臺北市大安區義安里安和路二段74巷8號,大安,https://www.google.com/maps/search/?api=1&query=%E6%B9%98%E5%85%AB%E8%80%81%20%E5%8F%B0%E5%8C%97,4.3,,$600-800,中菜館,已查證,2026-07-21
滋立 Mizu,日式鍋物／壽喜燒／握壽司,中山晶華酒店旁,店家自薦,zilyhotpot,https://www.threads.com/@zilyhotpot/post/Da-bexZD1UZ,https://www.threads.com/@harriet0308/post/Da-TmgNkXOM,zilyhotpot 1天 你好 滋立Mizu來自薦啦 我們專做日式鍋物 壽喜燒跟握壽司😎 就在中山晶華酒店旁 歡迎來訂位一波💪,滋立Mizu料亭鍋物,火鍋/鍋物,10491臺北市中山區康樂里中山北路二段39巷14-1號,中山,https://www.google.com/maps/place/%E6%BB%8B%E7%AB%8BMizu%E6%96%99%E4%BA%AD%E9%8D%8B%E7%89%A9/data=!4m7!3m6!1s0x3442a968f2e91ef1:0xcec3c1b71ccf9de0!8m2!3d25.0538697!4d121.524062!16s%2Fg%2F11c52bvxtd!19sChIJ8R7p8mipQjQR4J3PHLfBw84?authuser=0&hl=zh-TW&rclk=1,4.6,,,火鍋餐廳,已查證,2026-07-21
發肉燒肉,燒肉,,,walo.wu,https://www.threads.com/@walo.wu/post/DbAlkttiZ4k,https://www.threads.com/@harriet0308/post/Da-TmgNkXOM,walo.wu 23小時 發肉燒肉 如嬌花膠雞,,燒烤/鐵板燒,,未標示地區,https://www.google.com/maps/search/?api=1&query=%E7%99%BC%E8%82%89%E7%87%92%E8%82%89,,,,,待確認,2026-07-21
貳房鍋物,火鍋,北投,,eggwang84129,https://www.threads.com/@eggwang84129/post/DbA5NlqGVVK,https://www.threads.com/@harriet0308/post/Da-TmgNkXOM,eggwang84129 20小時 北投 貳房鍋物 葫洲 精緻鈺葉火鍋,貳房 頂級鍋物,火鍋/鍋物,112臺北市北投區中心里大業路717-2號1樓,北投,https://www.google.com/maps/search/?api=1&query=%E8%B2%B3%E6%88%BF%E9%8D%8B%E7%89%A9%20%E5%8C%97%E6%8A%95,4.7,,,火鍋餐廳,已查證,2026-07-21
雲之南,雲南料理,,,__dinosaur_girl__,https://www.threads.com/@__dinosaur_girl__/post/DbBfoNYE3xT,https://www.threads.com/@harriet0308/post/Da-TmgNkXOM,__dinosaur_girl__ 14小時 雲之南 品冠客家小館,雲之南,其他餐飲,"b2, No. 203號敦化南路二段全安里大安區臺北市106",台北,https://www.google.com/maps/search/?api=1&query=%E9%9B%B2%E4%B9%8B%E5%8D%97%20%E5%8F%B0%E5%8C%97,4.2,,$200-400,中菜館,已查證,2026-07-21
雲錦中,中菜,,,kevin_oneofzero,https://www.threads.com/@kevin_oneofzero/post/Da-ZZxNnzDk,https://www.threads.com/@harriet0308/post/Da-TmgNkXOM,kevin_oneofzero 1天 雲錦中,雲錦中餐廳,港式/中式合菜,110061臺北市信義區西村里松壽路2號2F,信義,https://www.google.com/maps/search/?api=1&query=%E9%9B%B2%E9%8C%A6%E4%B8%AD%20%E5%8F%B0%E5%8C%97,4.2,,,中菜館,已查證,2026-07-21
黃金麵線,麵線,台北市松山區民權東路三段160巷15號,,foodieqoo,https://www.threads.com/@foodieqoo/post/DbANXN6AUAc,https://www.threads.com/@harriet0308/post/Da-TmgNkXOM,foodieqoo 1天 黃金麵線，臺北市松山區民有里民權東路三段160巷15號,黃金麵線,小吃/麵食,105臺北市松山區民有里民權東路三段160巷15號,松山,https://www.google.com/maps/search/?api=1&query=%E9%BB%83%E9%87%91%E9%BA%B5%E7%B7%9A%20%E5%8F%B0%E5%8C%97%E5%B8%82%E6%9D%BE%E5%B1%B1%E5%8D%80%E6%B0%91%E6%AC%8A%E6%9D%B1%E8%B7%AF%E4%B8%89%E6%AE%B5160%E5%B7%B715%E8%99%9F,4.5,,$1-200,台灣餐廳,已查證,2026-07-21
黑武士,,,,s9210222,https://www.threads.com/@s9210222/post/Da-rMy5lOks,https://www.threads.com/@harriet0308/post/Da-TmgNkXOM,s9210222 1天 黑武士,,其他餐飲,,未標示地區,https://www.google.com/maps/search/?api=1&query=%E9%BB%91%E6%AD%A6%E5%A3%AB,,,,,待確認,2026-07-21
塩琉拉麵,拉麵,,留言串後續更正店名為塩琉,__liwennn,https://www.threads.com/@__liwennn/post/Da_s79vj9cO,https://www.threads.com/@harriet0308/post/Da-TmgNkXOM,__liwennn 1天 鹽珫拉麵！不愛吃拉麵的我完全對他大改觀,塩琉,日式料理,100臺北市中正區建國里重慶南路一段116號,中正,https://www.google.com/maps/place/%E5%A1%A9%E7%90%89/data=!4m7!3m6!1s0x3442a9c54e2a997b:0xce274ce69131b5b8!8m2!3d25.0419372!4d121.5130037!16s%2Fg%2F11p0w0h4rv!19sChIJe5kqTsWpQjQRuLUxkeZMJ84?authuser=0&hl=zh-TW&rclk=1,4.4,,$200-400,拉麵店,已查證,2026-07-21
極品豆花,豆花,三重,,superfish9999,https://www.threads.com/@superfish9999/post/DbCei1lEzA3,https://www.threads.com/@harriet0308/post/Da-TmgNkXOM,superfish9999 5小時 三重「極品豆花」 翻譯,極品豆花,甜點/飲料,241新北市三重區中山里大同北路28號,三重,https://www.google.com/maps/search/?api=1&query=%E6%A5%B5%E5%93%81%E8%B1%86%E8%8A%B1%20%E4%B8%89%E9%87%8D,4.9,,,甜品店,已查證,2026-07-21
極鶴 Nagomi,,,,gihiliki,https://www.threads.com/@gihiliki/post/Da_DUMDkk6K,https://www.threads.com/@harriet0308/post/Da-TmgNkXOM,gihiliki 1天 涮武鶴 極鶴 Nagomi,極鶴和牛鍋物(旗艦店),其他餐飲,106臺北市大安區仁愛里仁愛路四段91巷5號,大安,https://www.google.com/maps/place/%E6%A5%B5%E9%B6%B4%E5%92%8C%E7%89%9B%E9%8D%8B%E7%89%A9%28%E6%97%97%E8%89%A6%E5%BA%97%29/data=!4m7!3m6!1s0x3442ab1db336fa6d:0xb753dccea097f74a!8m2!3d25.0386662!4d121.5478399!16s%2Fg%2F11lcd66j6c!19sChIJbfo2sx2rQjQRSveXoM7cU7c?authuser=0&hl=zh-TW&rclk=1,4.8,,,餐廳,已查證,2026-07-21
萬客什鍋,火鍋,台中,推薦酸筍鍋；非台北,hsu.yu.chang.1217,https://www.threads.com/@hsu.yu.chang.1217/post/DbCie4Qkl7W,https://www.threads.com/@harriet0308/post/Da-TmgNkXOM,hsu.yu.chang.1217 4小時 萬客什鍋～酸筍鍋🤤🤤 去台中必吃🤤🤤 豐生茶館,,火鍋/鍋物,,台中,https://www.google.com/maps/search/?api=1&query=%E8%90%AC%E5%AE%A2%E4%BB%80%E9%8D%8B%20%E5%8F%B0%E4%B8%AD,,,,,待確認,2026-07-21
萬豪欣葉鍾菜,中菜,台北萬豪酒店,名稱依原留言,hnywg,https://www.threads.com/@hnywg/post/DbBDF-_k_ib,https://www.threads.com/@harriet0308/post/Da-TmgNkXOM,hnywg 18小時 從小吃到大的：台北市圍爐酸菜白肉火鍋、夫妻肺片麻辣鍋、橋頭麻辣鍋、七輪燒肉 最近愛上的一品蔬菜羊肉爐、麻皇麻辣火鍋、AJIMI、鰭狄日式阪前、萬豪欣葉鍾菜（比一般欣葉好吃） 南港中信享鮮餐廳的海鮮（肉類普遍不行）,欣葉・鐘菜,港式/中式合菜,10491臺北市中山區金泰里樂群二路199號,中山,https://www.google.com/maps/search/?api=1&query=%E8%90%AC%E8%B1%AA%E6%AC%A3%E8%91%89%E9%8D%BE%E8%8F%9C%20%E5%8F%B0%E5%8C%97%E8%90%AC%E8%B1%AA%E9%85%92%E5%BA%97,4.4,,,台灣餐廳,已查證,2026-07-21
葉公館,上海菜,,,y__o6o4,https://www.threads.com/@y__o6o4/post/DbCUTpgASeC,https://www.threads.com/@harriet0308/post/Da-TmgNkXOM,y__o6o4 6小時 川菜：老位川酒 江浙菜：人間半醒 湘菜：湘八老 上海菜：葉公館 火鍋：蔣老爹愛吃鍋 義大利麵：李氏、章邖 居酒屋：東京系列（東京煙火氣、東京酒食製作所…） 燒肉：阿叔燒肉 中菜：招治飯店 韓式：李上,葉公館滬菜,港式/中式合菜,106臺北市大安區全安里安和路二段118號,大安,https://www.google.com/maps/search/?api=1&query=%E8%91%89%E5%85%AC%E9%A4%A8%20%E5%8F%B0%E5%8C%97,3.9,,,滬菜館,已查證,2026-07-21
誠記,越南麵食,,味道多年穩定,jeromesung,https://www.threads.com/@jeromesung/post/DbA-mH-lbKc,https://www.threads.com/@harriet0308/post/Da-TmgNkXOM,jeromesung 19小時 金雞園、高記、誠記（越南麵食）、趙記（菜肉餛吞） 這幾家符合我的40年味道不變的基本原則 排骨飯跟牛肉麵各有一家N刷，主要也是因為他們40年沒有改變味道是我的重點，這兩項最容易有人硬要放「那家不好吃這家才好吃」 的留言就算了不放,,泰越料理,,未標示地區,https://www.google.com/maps/search/?api=1&query=%E8%AA%A0%E8%A8%98,,,,,待確認,2026-07-21
雷斯理,,,,ryudou.kazuya,https://www.threads.com/@ryudou.kazuya/post/DbAHqFQmPZZ,https://www.threads.com/@harriet0308/post/Da-TmgNkXOM,ryudou.kazuya 1天 雷斯理,雷斯理小酒館（私訊訂位）,日式料理,106臺北市大安區復興南路二段160巷11號1樓,大安,https://www.google.com/maps/search/?api=1&query=%E9%9B%B7%E6%96%AF%E7%90%86%20%E5%8F%B0%E5%8C%97,4.7,,,現代居酒屋,已查證,2026-07-21
嘉義鱔魚麵（永和永貞路）,鱔魚意麵,永和永貞路,乾炒鱔魚意麵；原留言未提供完整正式店名,torrence_tien,https://www.threads.com/@torrence_tien/post/DbBouzYkjz9,https://www.threads.com/@harriet0308/post/Da-TmgNkXOM,torrence_tien 13小時 永和永貞路的嘉義鱔魚麵（乾炒鱔魚意麵），台南人前男友說可以和台南的匹敵～,嘉義鱔魚麵,海鮮,234新北市永和區和平里永貞路396號,永和,https://www.google.com/maps/search/?api=1&query=%E5%98%89%E7%BE%A9%E9%B1%94%E9%AD%9A%E9%BA%B5%EF%BC%88%E6%B0%B8%E5%92%8C%E6%B0%B8%E8%B2%9E%E8%B7%AF%EF%BC%89%20%E6%B0%B8%E5%92%8C%E6%B0%B8%E8%B2%9E%E8%B7%AF,4.5,,$1-200,麵店,已查證,2026-07-21
幕間一鍋,火鍋,,蛤蜊必點,fairy_______june,https://www.threads.com/@fairy_______june/post/DbA_gNXkrwV,https://www.threads.com/@harriet0308/post/Da-TmgNkXOM,fairy_______june 19小時 火鍋店吧，幕間一鍋，蛤蜊必點……,幕間一鍋炙燒火鍋專門店-民生總店,火鍋/鍋物,105臺北市松山區民有里民生東路三段107巷2號,松山,https://www.google.com/maps/search/?api=1&query=%E5%B9%95%E9%96%93%E4%B8%80%E9%8D%8B%20%E5%8F%B0%E5%8C%97%20%E8%9B%A4%E8%9C%8A,4.7,,$400-600,涮涮鍋餐廳,已查證,2026-07-21
漢來湯包,湯包／中式點心,,,atm_tseng,https://www.threads.com/@atm_tseng/post/DbARPAmFGvF,https://www.threads.com/@harriet0308/post/Da-TmgNkXOM,atm_tseng 1天 漢來湯包 FOCOSO（非常適合約會的義大利餐廳） 三味麵食（一定要吃雙醬麵） 心潮仙宮（外國朋友來都帶去吃） Wok by Obond (大中華料理Fine Dining),,港式/中式合菜,,未標示地區,https://www.google.com/maps/search/?api=1&query=%E6%BC%A2%E4%BE%86%E6%B9%AF%E5%8C%85,,,,,待確認,2026-07-21
瑪喜,,,預約制,demonderrick,https://www.threads.com/@demonderrick/post/DbCz0lbnQ8j,https://www.threads.com/@harriet0308/post/Da-TmgNkXOM,demonderrick 2小時 瑪喜啊！ 但只有預約制,瑪喜餐廳,義式/西式,10491臺北市中山區中山北路三段26-1號民權西路捷運站 9 or 10號出口400公尺,中山,https://www.google.com/maps/search/?api=1&query=%E7%91%AA%E5%96%9C%20%E5%8F%B0%E5%8C%97,4.7,,,歐洲餐廳,已查證,2026-07-21
精緻鈺葉火鍋,火鍋,葫洲,,eggwang84129,https://www.threads.com/@eggwang84129/post/DbA5NlqGVVK,https://www.threads.com/@harriet0308/post/Da-TmgNkXOM,eggwang84129 20小時 北投 貳房鍋物 葫洲 精緻鈺葉火鍋,精緻鈺葉涮涮鍋,火鍋/鍋物,114臺北市內湖區金湖里金湖路342號,內湖,https://www.google.com/maps/search/?api=1&query=%E7%B2%BE%E7%B7%BB%E9%88%BA%E8%91%89%E7%81%AB%E9%8D%8B%20%E8%91%AB%E6%B4%B2,4.7,,$400-600,涮涮鍋餐廳,已查證,2026-07-21
趙平米苔目,米苔目／冰品,三和夜市文化北路,同類冰店中表現突出,torrence_tien,https://www.threads.com/@torrence_tien/post/DbBl_rDkoGx,https://www.threads.com/@harriet0308/post/Da-TmgNkXOM,torrence_tien 13小時 1. 三重的台灣蕃薯（賣可頌）。不至於沒吃到會覺得此生枉然的程度，但是已經回訪N次，吃過很多口味，全部都好吃，價格還很實惠。 2. 板橋的小喬新疆羊肉串（大盤雞） 適合小鳥胃： 三和夜市的新疆乾拌麵（大盤雞麵） 中崙市場，索菲亞新疆美食的乾拌麵系列 3. 三和夜市文化北路的趙平米苔目，不是神級美味，但整體很不錯，目前同類的冰店找不到對手,趙平米苔目,甜點/飲料,241新北市三重區文化里文化北路24號,三重,"https://www.google.com/maps/place/%E8%B6%99%E5%B9%B3%E7%B1%B3%E8%8B%94%E7%9B%AE/@25.064434,121.4991091,17z/data=!3m1!4b1!4m6!3m5!1s0x3442a961ebdc6b39:0x6e22e215734c87bc!8m2!3d25.064434!4d121.4991091!16s%2Fg%2F11t6yd_knd?entry=ttu&g_ep=EgoyMDI2MDcxNS4wIKXMDSoASAFQAw%3D%3D",3.9,,,冰品供應商,已查證,2026-07-21
趙記,菜肉餛飩,,味道多年穩定,jeromesung,https://www.threads.com/@jeromesung/post/DbA-mH-lbKc,https://www.threads.com/@harriet0308/post/Da-TmgNkXOM,jeromesung 19小時 金雞園、高記、誠記（越南麵食）、趙記（菜肉餛吞） 這幾家符合我的40年味道不變的基本原則 排骨飯跟牛肉麵各有一家N刷，主要也是因為他們40年沒有改變味道是我的重點，這兩項最容易有人硬要放「那家不好吃這家才好吃」 的留言就算了不放,,小吃/麵食,,未標示地區,https://www.google.com/maps/search/?api=1&query=%E8%B6%99%E8%A8%98,,,,,待確認,2026-07-21
銀杏鍋物,火鍋,新北市板橋區三民路一段31巷4號1樓,店家自薦；推薦柚子胡椒鍋、剝皮辣椒鍋,amuro886,https://www.threads.com/@amuro886/post/DbAIETmjw9k,https://www.threads.com/@harriet0308/post/Da-TmgNkXOM,amuro886 1天 自薦一下 店名:銀杏鍋物 地址：板橋區三民路一段31巷4號1樓 用大骨和雞骨大量的蔬菜水果相結合 燉煮出一鍋鍋獨特的高湯 推薦柚子胡椒鍋 剝皮辣椒鍋 最後用自製手工冰淇淋畫下完美句點,銀杏鍋物｜兼賣拉麵｜柚子胡椒｜剝皮辣椒｜板橋美食｜板橋火鍋｜新北美食｜火鍋｜聚餐｜母親節聚餐｜江子翠火鍋｜新北耶誕城｜柚子胡椒湯底｜手工冰淇淋,火鍋/鍋物,220新北市板橋區三民路一段31巷4號1樓,板橋,https://www.google.com/maps/search/?api=1&query=%E9%8A%80%E6%9D%8F%E9%8D%8B%E7%89%A9%20%E6%96%B0%E5%8C%97%E5%B8%82%E6%9D%BF%E6%A9%8B%E5%8D%80%E4%B8%89%E6%B0%91%E8%B7%AF%E4%B8%80%E6%AE%B531%E5%B7%B74%E8%99%9F1%E6%A8%93,4.9,,$200-400,火鍋餐廳,已查證,2026-07-21
銀島一番,,,,chyochyo__,https://www.threads.com/@chyochyo__/post/DbACfWWkgnv,https://www.threads.com/@harriet0308/post/Da-TmgNkXOM,chyochyo__ 1天 夏綠沁！銀島一番！,銀島一番,其他餐飲,106臺北市大安區誠安里復興南路一段126巷8號,大安,https://www.google.com/maps/search/?api=1&query=%E9%8A%80%E5%B3%B6%E4%B8%80%E7%95%AA%20%E5%8F%B0%E5%8C%97,4.4,,$200-400,餐廳,已查證,2026-07-21
摯愛米粉湯黑白切,米粉湯／黑白切,,,milkieee168,https://www.threads.com/@milkieee168/post/Da-XwSsDz1L,https://www.threads.com/@harriet0308/post/Da-TmgNkXOM,milkieee168 1天 摯愛米粉湯黑白切 milkieee168,,小吃/麵食,,未標示地區,https://www.google.com/maps/search/?api=1&query=%E6%91%AF%E6%84%9B%E7%B1%B3%E7%B2%89%E6%B9%AF%E9%BB%91%E7%99%BD%E5%88%87,,,,,待確認,2026-07-21
暴暴龍,,,,ddkogi88,https://www.threads.com/@ddkogi88/post/DbAd4nFk-ko,https://www.threads.com/@harriet0308/post/Da-TmgNkXOM,ddkogi88 1天 暴暴龍,暴暴龍迷你火鍋城,火鍋/鍋物,10356臺北市大同區星明里寧夏路58號,大同,https://www.google.com/maps/search/?api=1&query=%E6%9A%B4%E6%9A%B4%E9%BE%8D%20%E5%8F%B0%E5%8C%97,4,,$200-400,火鍋餐廳,已查證,2026-07-21
樂崎火鍋,火鍋,,,yc.hyc,https://www.threads.com/@yc.hyc/post/Da_9IFBgeBW,https://www.threads.com/@harriet0308/post/Da-TmgNkXOM,yc.hyc 1天 樂崎火鍋,,火鍋/鍋物,,未標示地區,https://www.google.com/maps/search/?api=1&query=%E6%A8%82%E5%B4%8E%E7%81%AB%E9%8D%8B,,,,,待確認,2026-07-21
蔣老爹愛吃鍋,火鍋,,,y__o6o4,https://www.threads.com/@y__o6o4/post/DbCUTpgASeC,https://www.threads.com/@harriet0308/post/Da-TmgNkXOM,y__o6o4 6小時 川菜：老位川酒 江浙菜：人間半醒 湘菜：湘八老 上海菜：葉公館 火鍋：蔣老爹愛吃鍋 義大利麵：李氏、章邖 居酒屋：東京系列（東京煙火氣、東京酒食製作所…） 燒肉：阿叔燒肉 中菜：招治飯店 韓式：李上,,火鍋/鍋物,,未標示地區,https://www.google.com/maps/search/?api=1&query=%E8%94%A3%E8%80%81%E7%88%B9%E6%84%9B%E5%90%83%E9%8D%8B,,,,,待確認,2026-07-21
橋頭火鍋,火鍋,,,andychang604,https://www.threads.com/@andychang604/post/DbAqv6jidxM,https://www.threads.com/@harriet0308/post/Da-TmgNkXOM,andychang604 22小時 八和燒肉、橋頭火鍋,橋頭麻辣鍋,火鍋/鍋物,106臺北市大安區建安里敦化南路1段157號2樓,大安,https://www.google.com/maps/search/?api=1&query=%E6%A9%8B%E9%A0%AD%E7%81%AB%E9%8D%8B%20%E5%8F%B0%E5%8C%97,4.2,,,火鍋餐廳,已查證,2026-07-21
橋頭麻辣鍋,麻辣鍋,台北市,從小吃到大,hnywg,https://www.threads.com/@hnywg/post/DbBDF-_k_ib,https://www.threads.com/@harriet0308/post/Da-TmgNkXOM,hnywg 18小時 從小吃到大的：台北市圍爐酸菜白肉火鍋、夫妻肺片麻辣鍋、橋頭麻辣鍋、七輪燒肉 最近愛上的一品蔬菜羊肉爐、麻皇麻辣火鍋、AJIMI、鰭狄日式阪前、萬豪欣葉鍾菜（比一般欣葉好吃） 南港中信享鮮餐廳的海鮮（肉類普遍不行）,橋頭麻辣鍋,火鍋/鍋物,106臺北市大安區建安里敦化南路1段157號2樓,大安,https://www.google.com/maps/search/?api=1&query=%E6%A9%8B%E9%A0%AD%E9%BA%BB%E8%BE%A3%E9%8D%8B%20%E5%8F%B0%E5%8C%97%E5%B8%82,4.2,,,火鍋餐廳,已查證,2026-07-21
燒肉天國,燒肉,板橋,,i_m_en,https://www.threads.com/@i_m_en/post/Da_3jEhET60,https://www.threads.com/@harriet0308/post/Da-TmgNkXOM,i_m_en 1天 板橋的話，我真的推「燒肉天國」… 好吃到… 就算現在經濟狀況不太好， 還是覺得要存錢去吃😂,燒肉天國~3小時慢慢聊燒肉,燒烤/鐵板燒,220新北市板橋區漢生里文化路一段219-6號,板橋,https://www.google.com/maps/search/?api=1&query=%E7%87%92%E8%82%89%E5%A4%A9%E5%9C%8B%20%E6%9D%BF%E6%A9%8B,4.4,,,日式燒肉餐廳,已查證,2026-07-21
燒肉燒,燒肉,,推薦松阪豬、餐前湯與花生冰淇淋,tyty___official,https://www.threads.com/@tyty___official/post/Da-qDzZCZL1,https://www.threads.com/@harriet0308/post/Da-TmgNkXOM,tyty___official 1天 燒肉燒,燒肉燒/已提供線上訂位6人以上請致電,燒烤/鐵板燒,10491臺北市中山區中庄里吉林路141號,中山,https://www.google.com/maps/place/%E7%87%92%E8%82%89%E7%87%92%2F%E5%B7%B2%E6%8F%90%E4%BE%9B%E7%B7%9A%E4%B8%8A%E8%A8%82%E4%BD%8D6%E4%BA%BA%E4%BB%A5%E4%B8%8A%E8%AB%8B%E8%87%B4%E9%9B%BB/data=!4m7!3m6!1s0x3442a95a8bf5a863:0xcc67e89e350f5099!8m2!3d25.05847!4d121.530351!16s%2Fg%2F1tdwh601!19sChIJY6j1i1qpQjQRmVAPNZ7oZ8w?authuser=0&hl=zh-TW&rclk=1,4.5,,,日式燒肉餐廳,已查證,2026-07-21
築間 中山東路店,火鍋,中山東路,食材新鮮、服務周到,jhujianzhongli,https://www.threads.com/@jhujianzhongli/post/DbC20pgkTfv,https://www.threads.com/@harriet0308/post/Da-TmgNkXOM,jhujianzhongli 1小時 我心中的No.1就是築間中山東路店！食材新鮮又好吃，老闆親切又客氣，員工貼心又服務周到！,築間幸福鍋物 中壢中山東路店 |對面停車場|親子友善|中壢美食|,火鍋/鍋物,320桃園市中壢區普慶里中山東路二段319號,桃園,https://www.google.com/maps/search/?api=1&query=%E7%AF%89%E9%96%93%20%E4%B8%AD%E5%B1%B1%E6%9D%B1%E8%B7%AF%E5%BA%97%20%E4%B8%AD%E5%B1%B1%E6%9D%B1%E8%B7%AF,4.7,,$400-600,火鍋餐廳,已查證,2026-07-21
錢都,火鍋,台北,CP值高；剝皮辣椒鳳梨鍋,qns_____,https://www.threads.com/@qns_____/post/DbAunEIlFzn,https://www.threads.com/@harriet0308/post/Da-TmgNkXOM,qns_____ 21小時 台北N刷火鍋店必須提到錢都吧！！ CP值高最近還有新的鍋底 剝皮辣椒鳳梨鍋好吃😋,,火鍋/鍋物,,台北,https://www.google.com/maps/search/?api=1&query=%E9%8C%A2%E9%83%BD%20%E5%8F%B0%E5%8C%97,,,,,待確認,2026-07-21
龍泉市場無名麵攤,麵食,龍泉市場,,liu.tangwei,https://www.threads.com/@liu.tangwei/post/Da-XJ3wGneW,https://www.threads.com/@harriet0308/post/Da-TmgNkXOM,liu.tangwei 1天 龍泉市場無名麵攤,龍泉市場,小吃/麵食,106臺北市大安區古風里師大路92巷15號,大安,https://www.google.com/maps/search/?api=1&query=%E9%BE%8D%E6%B3%89%E5%B8%82%E5%A0%B4%E7%84%A1%E5%90%8D%E9%BA%B5%E6%94%A4%20%E9%BE%8D%E6%B3%89%E5%B8%82%E5%A0%B4,3.9,,,傳統市場,已查證,2026-07-21
鮨一田,壽司,,,corbin_lai1015,https://www.threads.com/@corbin_lai1015/post/DbAcZiYGDgv,https://www.threads.com/@harriet0308/post/Da-TmgNkXOM,corbin_lai1015 1天 忠泰裡面的la vie 壽司的話 鮨一田、鮨岡心,鮨一田,日式料理,106臺北市大安區昌隆里忠孝東路三段217巷1弄6號,大安,https://www.google.com/maps/search/?api=1&query=%E9%AE%A8%E4%B8%80%E7%94%B0%20%E5%8F%B0%E5%8C%97,4.6,,,壽司店,已查證,2026-07-21
鮨岡心,壽司,,,corbin_lai1015,https://www.threads.com/@corbin_lai1015/post/DbAcZiYGDgv,https://www.threads.com/@harriet0308/post/Da-TmgNkXOM,corbin_lai1015 1天 忠泰裡面的la vie 壽司的話 鮨一田、鮨岡心,鮨 岡心,日式料理,106臺北市大安區光武里大安路一段31巷21號,大安,https://www.google.com/maps/search/?api=1&query=%E9%AE%A8%E5%B2%A1%E5%BF%83%20%E5%8F%B0%E5%8C%97,4.5,,,壽司店,已查證,2026-07-21
豐生茶館,茶館／餐廳,台中,非台北,hsu.yu.chang.1217,https://www.threads.com/@hsu.yu.chang.1217/post/DbCie4Qkl7W,https://www.threads.com/@harriet0308/post/Da-TmgNkXOM,hsu.yu.chang.1217 4小時 萬客什鍋～酸筍鍋🤤🤤 去台中必吃🤤🤤 豐生茶館,豐生茶館 梅川東店,其他餐飲,406臺中市北屯區松竹里梅川東路五段77號,台中,https://www.google.com/maps/search/?api=1&query=%E8%B1%90%E7%94%9F%E8%8C%B6%E9%A4%A8%20%E5%8F%B0%E4%B8%AD,4.4,,$400-600,餐廳,已查證,2026-07-21
雙月食堂,湯品／台式料理,,每月吃也不膩,sunnyyyfood,https://www.threads.com/@sunnyyyfood/post/Da_XL5nk6dk,https://www.threads.com/@harriet0308/post/Da-TmgNkXOM,sunnyyyfood 1天 雙月食堂 每個月吃都不會膩,,其他餐飲,,未標示地區,https://www.google.com/maps/search/?api=1&query=%E9%9B%99%E6%9C%88%E9%A3%9F%E5%A0%82,,,,,待確認,2026-07-21
雙連包公麵店,麵食,雙連,以前上班時幾乎每天吃,hbkkkiddd,https://www.threads.com/@hbkkkiddd/post/DbACoKtkiRP,https://www.threads.com/@harriet0308/post/Da-TmgNkXOM,hbkkkiddd 1天 雙連包公麵店以前幾乎有上班就會吃,開封包公府私房麵,小吃/麵食,10491臺北市中山區集英里民生西路45巷9弄18號,中山,https://www.google.com/maps/search/?api=1&query=%E9%9B%99%E9%80%A3%E5%8C%85%E5%85%AC%E9%BA%B5%E5%BA%97,4,,$1-200,中菜館,已查證,2026-07-21
邊城,孜然羊肉,,推薦給喜歡羊肉的人,weiwei7810,https://www.threads.com/@weiwei7810/post/DbBGLEUEzn0,https://www.threads.com/@harriet0308/post/Da-TmgNkXOM,weiwei7810 18小時 邊城孜然羊肉，喜歡羊肉的人真的可以試看看,邊城孜然羊肉 Tsai’s Cumin Halal Lamb Restaurant,其他餐飲,105臺北市松山區復勢里八德路三段155巷28-1號,松山,https://www.google.com/maps/search/?api=1&query=%E9%82%8A%E5%9F%8E%20%E5%AD%9C%E7%84%B6%E7%BE%8A%E8%82%89%20%E5%8F%B0%E5%8C%97,4.6,,$200-400,餐廳,已查證,2026-07-21
蘇杭點心店,中式點心,,小籠包、炒飯、炒年糕,bevis_cheng0605,https://www.threads.com/@bevis_cheng0605/post/DbChochGNqt,https://www.threads.com/@harriet0308/post/Da-TmgNkXOM,bevis_cheng0605 5小時 蘇杭點心店 小籠包、炒飯、炒年糕都好吃,蘇杭點心店,港式/中式合菜,100臺北市中正區南福里羅斯福路二段14號,中正,https://www.google.com/maps/search/?api=1&query=%E8%98%87%E6%9D%AD%E9%BB%9E%E5%BF%83%E5%BA%97%20%E5%8F%B0%E5%8C%97,3.9,,$200-400,中菜館,已查證,2026-07-21
麵屋雞金,拉麵,,穩定好吃,manoffish,https://www.threads.com/@manoffish/post/Da-WRREGKIU,https://www.threads.com/@harriet0308/post/Da-TmgNkXOM,manoffish 1天 麵屋雞金吧，穩定好吃,,日式料理,,未標示地區,https://www.google.com/maps/search/?api=1&query=%E9%BA%B5%E5%B1%8B%E9%9B%9E%E9%87%91,,,,,待確認,2026-07-21
饗食天堂,自助餐,,平日午餐CP值高,0515roger,https://www.threads.com/@0515roger/post/DbAlIWgkahE,https://www.threads.com/@harriet0308/post/Da-TmgNkXOM,0515roger 23小時 饗食天堂，每月平日午餐一刷，不是特別好吃，就單純CP值高,,吃到飽/自助餐,,未標示地區,https://www.google.com/maps/search/?api=1&query=%E9%A5%97%E9%A3%9F%E5%A4%A9%E5%A0%82,,,,,待確認,2026-07-21
饗樂火鍋,火鍋,民生東路五段,,staring82712,https://www.threads.com/@staring82712/post/DbAT6IbkR51,https://www.threads.com/@harriet0308/post/Da-TmgNkXOM,staring82712 1天 饗樂火鍋 在民生東路五段,饗樂shabu精緻鍋品,火鍋/鍋物,105臺北市松山區新東里民生東路五段215號,松山,https://www.google.com/maps/search/?api=1&query=%E9%A5%97%E6%A8%82%E7%81%AB%E9%8D%8B%20%E6%B0%91%E7%94%9F%E6%9D%B1%E8%B7%AF%E4%BA%94%E6%AE%B5,4.5,,$400-600,火鍋餐廳,已查證,2026-07-21
饗樂鍋,火鍋,台北（飯店一樓）,開在飯店一樓,joypot.68,https://www.threads.com/@joypot.68/post/Da-Wgttk_AN,https://www.threads.com/@harriet0308/post/Da-TmgNkXOM,開在飯店一樓的饗樂鍋,,火鍋/鍋物,,台北,https://www.google.com/maps/search/?api=1&query=%E9%A5%97%E6%A8%82%E9%8D%8B%20%E5%8F%B0%E5%8C%97%EF%BC%88%E9%A3%AF%E5%BA%97%E4%B8%80%E6%A8%93%EF%BC%89,,,,,待確認,2026-07-21
饗醬燒烤吃到飽,燒烤吃到飽,中和,原留言建議998元以上方案,andrew_hsu_0117,https://www.threads.com/@andrew_hsu_0117/post/DbAe08YkWyj,https://www.threads.com/@harriet0308/post/Da-TmgNkXOM,andrew_hsu_0117 1天 中和饗醬燒烤吃到飽，必吃998以上,饗醬燒烤【中和店】,吃到飽/自助餐,235新北市中和區正行里板南路218號,中和,https://www.google.com/maps/place/%E9%A5%97%E9%86%AC%E7%87%92%E7%83%A4%E3%80%90%E4%B8%AD%E5%92%8C%E5%BA%97%E3%80%91/data=!4m7!3m6!1s0x3468031bb47c8f6d:0x3f7d5150e6edac5f!8m2!3d24.9940753!4d121.4981672!16s%2Fg%2F11tf_xz9lj!19sChIJbY98tBsDaDQRX6zt5lBRfT8?authuser=0&hl=zh-TW&rclk=1,4.7,,,日式燒肉餐廳,已查證,2026-07-21
鰭狄日式阪前,日式料理,,名稱依原留言,hnywg,https://www.threads.com/@hnywg/post/DbBDF-_k_ib,https://www.threads.com/@harriet0308/post/Da-TmgNkXOM,hnywg 18小時 從小吃到大的：台北市圍爐酸菜白肉火鍋、夫妻肺片麻辣鍋、橋頭麻辣鍋、七輪燒肉 最近愛上的一品蔬菜羊肉爐、麻皇麻辣火鍋、AJIMI、鰭狄日式阪前、萬豪欣葉鍾菜（比一般欣葉好吃） 南港中信享鮮餐廳的海鮮（肉類普遍不行）,,日式料理,,未標示地區,https://www.google.com/maps/search/?api=1&query=%E9%B0%AD%E7%8B%84%E6%97%A5%E5%BC%8F%E9%98%AA%E5%89%8D,,,,,待確認,2026-07-21
懿品小珍,,,,poweiwan,https://www.threads.com/@poweiwan/post/Da-lie-msul,https://www.threads.com/@harriet0308/post/Da-TmgNkXOM,poweiwan 1天 懿品小珍 翻譯,,其他餐飲,,未標示地區,https://www.google.com/maps/search/?api=1&query=%E6%87%BF%E5%93%81%E5%B0%8F%E7%8F%8D,,,,,待確認,2026-07-21
AJIMI,,,最近愛上,hnywg,https://www.threads.com/@hnywg/post/DbBDF-_k_ib,https://www.threads.com/@harriet0308/post/Da-TmgNkXOM,hnywg 18小時 從小吃到大的：台北市圍爐酸菜白肉火鍋、夫妻肺片麻辣鍋、橋頭麻辣鍋、七輪燒肉 最近愛上的一品蔬菜羊肉爐、麻皇麻辣火鍋、AJIMI、鰭狄日式阪前、萬豪欣葉鍾菜（比一般欣葉好吃） 南港中信享鮮餐廳的海鮮（肉類普遍不行）,AJIMI - 割烹．味美,日式料理,106臺北市大安區德安里四維路52巷19弄5號,大安,https://www.google.com/maps/search/?api=1&query=AJIMI%20%E5%8F%B0%E5%8C%97,4.4,,,日本餐廳,已查證,2026-07-21
ANJU,餐酒館／KTV包廂,台北市信義區信義路五段16-1號,世貿101站3號出口；店家自薦,anju.taipei,https://www.threads.com/@anju.taipei/post/DbABhVFEbCH,https://www.threads.com/@harriet0308/post/Da-TmgNkXOM,anju.taipei 1天 我們！申請！出戰！🙋🏻‍♀️ 我們是信義區剛誕生的新餐酒館ANJU🥂 超美氛圍感外場+隱藏BAR+ 3 間風格獨立 KTV 包廂（包廂不限時!!!) 還有‼️ 全台唯一為女生打造的✨夢幻法式包廂💐 三個包廂最大可容納35人、外場也可包場！ 我家！包廂！能唱歌+61寸兩台大電視！ 台北 101 最新氛圍感餐酒館 從精緻料理到微醺時刻，一站式沉浸體驗 ✧ 吃飯⮕微醺⮕唱歌⮕信義區夜晚 氛圍感滿載—慶生、聚會、包場、尾牙活動首選 生日完成秘密任務還有送生日氣球特調唷🎈 📍ANJU(信義路五段16-1號） 捷運世貿101站，3號出口10秒到 ✨ 外場午間｜週六、週日開放 ✨ 外場晚間｜週一至週日皆可預約 ✨ KTV包廂｜週一至週日午、晚皆可預約,ANJU 新韓式餐酒館,義式/西式,110臺北市信義區景新里信義路五段16-1號,信義,https://www.google.com/maps/search/?api=1&query=ANJU%20%E5%8F%B0%E5%8C%97%E5%B8%82%E4%BF%A1%E7%BE%A9%E5%8D%80%E4%BF%A1%E7%BE%A9%E8%B7%AF%E4%BA%94%E6%AE%B516-1%E8%99%9F,4.8,,,韓國餐廳,已查證,2026-07-21
AUFGLET Taipei,,台北,近期最愛,jennieschen,https://www.threads.com/@jennieschen/post/DbAAPTAGfFO,https://www.threads.com/@harriet0308/post/Da-TmgNkXOM,jennieschen 1天 近期最愛~AUFGLET Taipei!!,AUFGLET Taipei,甜點/飲料,106臺北市大安區建倫里安和路一段53號,大安,https://www.google.com/maps/search/?api=1&query=AUFGLET%20Taipei%20%E5%8F%B0%E5%8C%97,4,,,咖啡店,已查證,2026-07-21
Bnin Morocco Food,摩洛哥料理／香料烤餅,,店家自薦香料烤餅,bnin_morocco_food,https://www.threads.com/@bnin_morocco_food/post/DbCbEtzGfhR,https://www.threads.com/@harriet0308/post/Da-TmgNkXOM,bnin_morocco_food 6小時 當然是我們家的香料烤餅啦😋🤤,,其他餐飲,,未標示地區,https://www.google.com/maps/search/?api=1&query=Bnin%20Morocco%20Food,,,,,待確認,2026-07-21
"BREAD, ESPRESSO &",早午餐／咖啡／麵包,台北,推薦鮭魚酪梨開放式三明治、法式吐司,travelholic_tl,https://www.threads.com/@travelholic_tl/post/DbAuyE8E_Kq,https://www.threads.com/@harriet0308/post/Da-TmgNkXOM,"travelholic_tl 21小時 大推 Bread, Espresso & travelholic_tl 台北早午餐咖啡廳 1天 這絕對是我近期吃過最好吃的早午餐～🤤 【非經本人同意，請勿任意轉載、擷取或複製】 「BREAD, ESPRESSO &」的鮭魚酪梨開放式三明治真的超·好·吃！ 可頌本體酥脆到不行，配上滑順的酪梨、油潤的燻鮭魚，還有上面灑滿的現刨起司，每一口都是幸福感爆棚的層次。 他們家招牌的法式吐司跟厚培根很穩、很美味，吃完鹹的再配一杯清爽的「檸檬冷萃」、「青森蘋果冷萃」，完美的週末早午餐莫過於此。 如果你也是可頌控，這道真的必點，絕對不會後悔！🥐✨ 好想再回訪～ Bread, Espresso & 麵包店 咖啡廳 早午餐","BREAD, ESPRESSO & 麵包店 咖啡廳 早午餐",早餐/早午餐,10042臺北市中正區建國里寶慶路69號,中正,https://www.google.com/maps/search/?api=1&query=BREAD%2C%20ESPRESSO%20%26%20%E5%8F%B0%E5%8C%97,4.1,,$400-600,餅店,已查證,2026-07-21
Coast,泰式 Fine Dining,台北,偏重口味；原留言稱8月將關門，請先確認,yu_ting_fu2016,https://www.threads.com/@yu_ting_fu2016/post/Da-82jXnSsl,https://www.threads.com/@harriet0308/post/Da-TmgNkXOM,yu_ting_fu2016 1天 Coast 真的很好吃 偏重口味的泰式fine dining 第一次吃真的露出小當家裡面路人的表情！怎麼能好吃成這樣？在我心裡比很多拿星星的餐廳都令人驚艷😍 後來每季固定跑去台北吃，但是聽說8月要關門了 完全心碎💔,COAST,泰越料理,10491臺北市中山區中山北路二段39巷3號B2,中山,https://www.google.com/maps/search/?api=1&query=Coast%20%E5%8F%B0%E5%8C%97,4.3,,,餐廳,已查證,2026-07-21
Flower Island Brunch,早午餐,士林,期間限定菜單；假日建議訂位,lulu80630,https://www.threads.com/@lulu80630/post/Da_yVrVE_Ta,https://www.threads.com/@harriet0308/post/Da-TmgNkXOM,lulu80630 士林美食 1天 這一家超好吃，憑實力4.9顆星的評論🌟 還會不斷推出菜單上沒有關的期間限定，不怕來過N次沒有新的選擇，假日一定要訂位，不然沒位子喔！ maps.app.goo.gl/gMWYZ… google.com Flower Island Brunch · 4.9★(1096) · Brunch restaurant,花嶼輕食館,早餐/早午餐,111臺北市士林區福林里中正路235巷9號,士林,https://www.google.com/maps/search/?api=1&query=Flower%20Island%20Brunch%20%E5%A3%AB%E6%9E%97,4.9,,$200-400,早午餐餐廳,已查證,2026-07-21
FOCOSO,義大利料理,,適合約會,atm_tseng,https://www.threads.com/@atm_tseng/post/DbARPAmFGvF,https://www.threads.com/@harriet0308/post/Da-TmgNkXOM,atm_tseng 1天 漢來湯包 FOCOSO（非常適合約會的義大利餐廳） 三味麵食（一定要吃雙醬麵） 心潮仙宮（外國朋友來都帶去吃） Wok by Obond (大中華料理Fine Dining),Focoso Taipei,義式/西式,106臺北市大安區法治里通化街170巷11-1號一樓,大安,https://www.google.com/maps/search/?api=1&query=FOCOSO%20%E5%8F%B0%E5%8C%97,4.6,,,意大利餐廳,已查證,2026-07-21
Gan Xin Coffee（@ganxincoffee_）,咖啡廳,,咖啡好喝、環境好；推薦者每週去3–4次,wj_9111,https://www.threads.com/@wj_9111/post/DbAdr5mGQ7p,https://www.threads.com/@harriet0308/post/Da-TmgNkXOM,wj_9111 1天 大推這家咖啡廳➡️ @ganxincoffee_ 咖啡好喝環境也很棒♥️ 我大概一個禮拜會去三四次以上,甘心咖啡 GanXinCoffee,甜點/飲料,108臺北市萬華區仁德里廣州街83-1號,萬華,https://www.google.com/maps/search/?api=1&query=Gan%20Xin%20Coffee%EF%BC%88%40ganxincoffee_%EF%BC%89%20%E5%8F%B0%E5%8C%97,4.6,,$1-200,咖啡店,已查證,2026-07-21
GonnaEat 仁愛店,沙拉／健康餐,仁愛店,推薦農夫沙拉＋雞胸,pieceofcake.diary,https://www.threads.com/@pieceofcake.diary/post/DbAEmP1j-LE,https://www.threads.com/@harriet0308/post/Da-TmgNkXOM,pieceofcake.diary 1天 喜歡沙拉的人務必試 GonnaEat 農夫沙拉+雞胸 我已經吃了5678次 個人推薦仁愛店 目前還沒有吃過比他好吃的！ 只要你喜歡清爽醬汁（巴薩米克油醋）不是只喜歡厚重的凱撒胡麻的話 應該都會喜歡,gonnaEAT 仁愛店 | 地中海概念 | 原型食物 | 健康餐廳,義式/西式,106臺北市大安區仁愛路四段109號,大安,https://www.google.com/maps/search/?api=1&query=GonnaEat%20%E4%BB%81%E6%84%9B%E5%BA%97%20%E4%BB%81%E6%84%9B%E5%BA%97,4.3,,$400-600,健康食品餐廳,已查證,2026-07-21
Häagen-Dazs,冰淇淋,,,dr.entlyt,https://www.threads.com/@dr.entlyt/post/DbByIyhk7Bg,https://www.threads.com/@harriet0308/post/Da-TmgNkXOM,dr.entlyt 11小時 Haagen Dazs,,甜點/飲料,,未標示地區,https://www.google.com/maps/search/?api=1&query=H%C3%A4agen-Dazs,,,,,待確認,2026-07-21
JK本味食堂,健康餐盒,台北市松山區民生東路五段192之6號,建議先預訂,emilyliu_0622,https://www.threads.com/@emilyliu_0622/post/DbAL0s7EvUg,https://www.threads.com/@harriet0308/post/Da-TmgNkXOM,emilyliu_0622 1天 民生社區圓環巷子裡的「JK本味食堂」 超好吃的健康餐盒 使用初榨橄欖油 健康美味 生意很好，先預訂比較吃的到想吃的 台北市松山區民生東路五段192之6號 IG instagram.com/jeffs…,JK本味食堂,小吃/麵食,105臺北市松山區富泰里民生東路五段192-6號1樓,松山,https://www.google.com/maps/search/?api=1&query=JK%E6%9C%AC%E5%91%B3%E9%A3%9F%E5%A0%82%20%E5%8F%B0%E5%8C%97%E5%B8%82%E6%9D%BE%E5%B1%B1%E5%8D%80%E6%B0%91%E7%94%9F%E6%9D%B1%E8%B7%AF%E4%BA%94%E6%AE%B5192%E4%B9%8B6%E8%99%9F,4.6,,$200-400,餐廳,已查證,2026-07-21
Katsuya 吉豚屋,炸豬排,松江旗艦店／台北車站店,推薦里肌豬排定食＋單點腰內肉豬排,seaturtlewantstoplaypoker,https://www.threads.com/@seaturtlewantstoplaypoker/post/DbAD0L2mJDN,https://www.threads.com/@harriet0308/post/Da-TmgNkXOM,seaturtlewantstoplaypoker 1天 Katsuya 吉豚屋 IG｜ @katsuya_taiwan 📍松江旗艦店 捷運行天宮，步行2分鐘 📍北車店 捷運台北車站，步行2分鐘 🕰️營業時間依分店不定 其實還有其他分店但是經調查這兩間最好吃，推薦里肌豬排定食+單點腰內肉豬排，要加黃芥末吃🐖😋,,日式料理,,台北,https://www.google.com/maps/search/?api=1&query=Katsuya%20%E5%90%89%E8%B1%9A%E5%B1%8B%20%E6%9D%BE%E6%B1%9F%E6%97%97%E8%89%A6%E5%BA%97%EF%BC%8F%E5%8F%B0%E5%8C%97%E8%BB%8A%E7%AB%99%E5%BA%97,,,,,待確認,2026-07-21
La Vie,,忠泰內,,corbin_lai1015,https://www.threads.com/@corbin_lai1015/post/DbAcZiYGDgv,https://www.threads.com/@harriet0308/post/Da-TmgNkXOM,corbin_lai1015 1天 忠泰裡面的la vie 壽司的話 鮨一田、鮨岡心,La Vie by Thomas Bühner 餐廳,其他餐飲,10491臺北市中山區金泰里樂群三路200號,中山,https://www.google.com/maps/search/?api=1&query=La%20Vie%20%E5%BF%A0%E6%B3%B0%20NOKE,4.6,,,餐廳,已查證,2026-07-21
NCIS Sushi 德相美式加州壽司,美式加州壽司,,,xiaohuu_,https://www.threads.com/@xiaohuu_/post/Da_4y66GCtj,https://www.threads.com/@harriet0308/post/Da-TmgNkXOM,xiaohuu_ 1天 NCIS Sushi 德相美式加州壽司,NCIS Sushi 德相美式加州壽司,日式料理,105臺北市松山區中正里敦化北路4巷50號,松山,https://www.google.com/maps/search/?api=1&query=NCIS%20Sushi%20%E5%BE%B7%E7%9B%B8%E7%BE%8E%E5%BC%8F%E5%8A%A0%E5%B7%9E%E5%A3%BD%E5%8F%B8%20%E5%8F%B0%E5%8C%97,4.5,,$400-800,餐廳,已查證,2026-07-21
Sunami 蔬納米,蔬食／純素,台北市大安區市民大道四段10號,忠孝復興站步行約5分鐘；11:30–15:00、17:00–22:00,joyce_vege,https://www.threads.com/@joyce_vege/post/Da-bVGsE-S6,https://www.threads.com/@harriet0308/post/Da-TmgNkXOM,Sunami 蔬納米；台北市大安區市民大道四段10號；02 2711 9135；11:30–15:00、17:00–22:00,蔬納米,素食,106臺北市大安區光武里市民大道四段10號,大安,https://www.google.com/maps/search/?api=1&query=Sunami%20%E8%94%AC%E7%B4%8D%E7%B1%B3%20%E5%8F%B0%E5%8C%97%E5%B8%82%E5%A4%A7%E5%AE%89%E5%8D%80%E5%B8%82%E6%B0%91%E5%A4%A7%E9%81%93%E5%9B%9B%E6%AE%B510%E8%99%9F,4.8,,$600-800,純素餐廳,已查證,2026-07-21
Wok by Obond,大中華料理 Fine Dining,,,atm_tseng,https://www.threads.com/@atm_tseng/post/DbARPAmFGvF,https://www.threads.com/@harriet0308/post/Da-TmgNkXOM,atm_tseng 1天 漢來湯包 FOCOSO（非常適合約會的義大利餐廳） 三味麵食（一定要吃雙醬麵） 心潮仙宮（外國朋友來都帶去吃） Wok by Obond (大中華料理Fine Dining),WOK by OBOND,港式/中式合菜,10491臺北市中山區朱崙里龍江路18號,中山,https://www.google.com/maps/search/?api=1&query=Wok%20by%20Obond%20%E5%8F%B0%E5%8C%97,4.4,,,餐廳,已查證,2026-07-21
YAYOI軒,日式定食,,狂熱愛好者推薦,jessie_yijie,https://www.threads.com/@jessie_yijie/post/DbAhMTulKIE,https://www.threads.com/@harriet0308/post/Da-TmgNkXOM,jessie_yijie 23小時 YAYOI軒，我是狂熱愛好者哈哈哈哈,,日式料理,,未標示地區,https://www.google.com/maps/search/?api=1&query=YAYOI%E8%BB%92,,,,,待確認,2026-07-21
